layer,length_axis_std,entropy_axis_std,bias_std,length_axis_l2,entropy_axis_l2,entropy_to_length_l2_ratio,length_entropy_axis_cosine,same_pair_fraction,active_top1_count,active_top2_count,top2_effective_experts,active_top1_experts,active_top2_experts,top1_fraction_by_expert,top2_fraction_by_expert
0,0.037795290350914,0.045142799615859985,0.05070613697171211,0.11494225263595581,0.19933733344078064,1.7342389666933034,-0.8564068078994751,0.020061728395061727,2,5,3.0765884356470563,"[0, 1]","[0, 1, 4, 6, 7]","[0.9305555820465088, 0.0694444477558136, 0.0, 0.0, 0.0, 0.0, 0.0, 0.0]","[0.46682098507881165, 0.043209876865148544, 0.0, 0.0, 0.043595679104328156, 0.0, 0.4058642089366913, 0.04050925746560097]"
1,0.04332057759165764,0.051394395530223846,0.06043477728962898,0.16720160841941833,0.23685450851917267,1.4165803233485226,-0.9419006109237671,0.15354938271604937,2,5,2.9306537278453595,"[0, 1]","[0, 1, 3, 5, 6]","[0.012345679104328156, 0.9876543283462524, 0.0, 0.0, 0.0, 0.0, 0.0, 0.0]","[0.08024691045284271, 0.4965277910232544, 0.005787036847323179, 0.02121913619339466, 0.0, 0.010030863806605339, 0.386188268661499, 0.0]"
2,0.039400216192007065,0.05214202031493187,0.06073883920907974,0.15295541286468506,0.2707700729370117,1.770254925051614,-0.9095381498336792,0.0,1,3,2.6191889953278924,[3],"[3, 6, 7]","[0.0, 0.0, 0.0, 1.0, 0.0, 0.0, 0.0, 0.0]","[0.0, 0.0015432098880410194, 0.0, 0.5, 0.0011574074160307646, 0.0, 0.3962191343307495, 0.10108024626970291]"
3,0.027351610362529755,0.031184088438749313,0.030284889042377472,0.0773986279964447,0.10776352137327194,1.3923182382279702,-0.7609800696372986,0.0,2,4,3.160621770273654,"[0, 6]","[0, 1, 4, 6]","[0.125, 0.0, 0.0, 0.0, 0.0, 0.0, 0.875, 0.0]","[0.09799382835626602, 0.08719135820865631, 0.0, 0.0, 0.31481480598449707, 0.0, 0.5, 0.0]"
4,0.0358709841966629,0.03900938853621483,0.04284615442156792,0.11037524044513702,0.15445862710475922,1.399395611568649,-0.912676215171814,0.2692901234567901,4,5,4.2079331807259495,"[0, 2, 6, 7]","[0, 2, 4, 6, 7]","[0.17206789553165436, 0.0, 0.2469135820865631, 0.0, 0.0, 0.0, 0.31095677614212036, 0.270061731338501]","[0.08719135820865631, 0.0, 0.28240740299224854, 0.0, 0.08294752985239029, 0.0, 0.38734567165374756, 0.1601080298423767]"
5,0.035767413675785065,0.041942112147808075,0.04364283010363579,0.10271141678094864,0.16540978848934174,1.6104323518592791,-0.8177365660667419,0.0,2,5,3.3861929827538,"[1, 7]","[1, 4, 5, 6, 7]","[0.0, 0.8356481194496155, 0.0, 0.0, 0.0, 0.0, 0.0, 0.16435185074806213]","[0.0, 0.4232253134250641, 0.0, 0.0, 0.07677469402551651, 0.02083333395421505, 0.3931327164173126, 0.08603394776582718]"
6,0.0337422676384449,0.04111374914646149,0.04138818755745888,0.0969119668006897,0.16019891202449799,1.6530354022632208,-0.8203375339508057,0.0,3,5,3.6641688230383154,"[0, 2, 7]","[0, 1, 2, 3, 7]","[0.37268519401550293, 0.0, 0.15509259700775146, 0.0, 0.0, 0.0, 0.0, 0.4722222089767456]","[0.42862653732299805, 0.07137345522642136, 0.08179012686014175, 0.06327160447835922, 0.0, 0.0, 0.0, 0.354938268661499]"
7,0.01565898209810257,0.019286787137389183,0.021554643288254738,0.04430115967988968,0.08769674599170685,1.9795586983587792,-0.6301856637001038,0.05555555555555555,4,5,3.286373985401727,"[1, 3, 5, 6]","[0, 1, 3, 5, 6]","[0.0, 0.13040123879909515, 0.0, 0.7955247163772583, 0.0, 0.05246913433074951, 0.021604938432574272, 0.0]","[0.025462962687015533, 0.08603394776582718, 0.002314814832061529, 0.45023149251937866, 0.0, 0.3885030746459961, 0.047453705221414566, 0.0]"
8,0.01856420747935772,0.020954443141818047,0.0241693202406168,0.05442434549331665,0.08583199977874756,1.5770883232631212,-0.4534091651439667,0.16435185185185186,3,6,4.146198568975602,"[0, 4, 5]","[0, 2, 3, 4, 5, 7]","[0.6311728358268738, 0.0, 0.0, 0.0, 0.11265432089567184, 0.2561728358268738, 0.0, 0.0]","[0.3707561790943146, 0.005787036847323179, 0.23881173133850098, 0.02121913619339466, 0.0763888880610466, 0.27623456716537476, 0.0, 0.010802469216287136]"
9,0.036300454288721085,0.04326071962714195,0.0430680476129055,0.10440026223659515,0.16924987733364105,1.6211633352996917,-0.8262535929679871,0.7160493827160493,4,5,3.594471680982056,"[0, 1, 3, 4]","[0, 1, 3, 4, 6]","[0.02777777798473835, 0.8449074029922485, 0.0, 0.10725308954715729, 0.020061727613210678, 0.0, 0.0, 0.0]","[0.3580246865749359, 0.43942901492118835, 0.005401234608143568, 0.09837962687015533, 0.06172839552164078, 0.0, 0.03703703731298447, 0.0]"
10,0.028009740635752678,0.03183622285723686,0.03399201110005379,0.07936447113752365,0.14371691644191742,1.810847024897112,-0.6501893401145935,0.0,3,4,3.0519458907159613,"[1, 2, 4]","[0, 1, 2, 4]","[0.0, 0.6898148059844971, 0.14506173133850098, 0.0, 0.16512346267700195, 0.0, 0.0, 0.0]","[0.07137345522642136, 0.42129629850387573, 0.07870370149612427, 0.0, 0.42862653732299805, 0.0, 0.0, 0.0]"
11,0.028253845870494843,0.03172240033745766,0.03125714138150215,0.07998061180114746,0.1168173998594284,1.4605714713694207,-0.7268872857093811,0.0,3,4,3.3885139064512018,"[1, 5, 6]","[1, 3, 5, 6]","[0.0, 0.7029321193695068, 0.0, 0.0, 0.0, 0.1774691343307495, 0.11959876865148544, 0.0]","[0.0, 0.5, 0.0, 0.1905864179134369, 0.0, 0.10030864179134369, 0.20910494029521942, 0.0]"
12,0.0165303573012352,0.019370097666978836,0.01846172660589218,0.05181669816374779,0.0766756609082222,1.4797481048660552,-0.32788413763046265,0.004629629629629629,4,5,3.9285179622212305,"[0, 2, 4, 5]","[0, 1, 2, 4, 5]","[0.15740740299224854, 0.0, 0.6512345671653748, 0.0, 0.1319444477558136, 0.05941358208656311, 0.0, 0.0]","[0.08526234328746796, 0.026620371267199516, 0.38348764181137085, 0.0, 0.3097993731498718, 0.19251543283462524, 0.002314814832061529, 0.0]"
13,0.03213116154074669,0.037697795778512955,0.03882354125380516,0.09249244630336761,0.14373837411403656,1.5540552754176975,-0.843792736530304,0.043209876543209874,4,5,3.6545570316076437,"[2, 4, 5, 6]","[2, 3, 4, 5, 6]","[0.0, 0.0, 0.0347222238779068, 0.0, 0.7739197611808777, 0.05324074253439903, 0.13811728358268738, 0.0]","[0.0, 0.0, 0.39120370149612427, 0.06828703731298447, 0.395061731338501, 0.0590277761220932, 0.08641975373029709, 0.0]"
14,0.02172810770571232,0.026145072653889656,0.02670215256512165,0.06146154925227165,0.11007308214902878,1.7909259282942729,-0.6623989939689636,0.0,3,5,3.725009029225741,"[2, 6, 7]","[2, 4, 5, 6, 7]","[0.0, 0.0, 0.5254629850387573, 0.0, 0.0, 0.0, 0.12962962687015533, 0.34490740299224854]","[0.0, 0.0, 0.44945988059043884, 0.0015432098880410194, 0.09606481343507767, 0.04899691417813301, 0.08410494029521942, 0.3198302388191223]"
15,0.02874690853059292,0.033737652003765106,0.036191217601299286,0.08388487249612808,0.13986466825008392,1.6673407741847581,-0.8149174451828003,0.7978395061728395,2,4,3.0777069224639884,"[2, 7]","[1, 2, 6, 7]","[0.0, 0.0, 0.08796296268701553, 0.0, 0.0, 0.0, 0.0, 0.9120370149612427]","[0.0, 0.06790123134851456, 0.06635802239179611, 0.0, 0.0, 0.007716049440205097, 0.3989197611808777, 0.4591049253940582]"
16,0.026783069595694542,0.029733477160334587,0.030056118965148926,0.07576771825551987,0.10620860755443573,1.40176594992945,-0.7898097038269043,0.0,3,4,3.295182646053006,"[1, 5, 6]","[1, 5, 6, 7]","[0.0, 0.7862654328346252, 0.0, 0.0, 0.0, 0.16126543283462524, 0.05246913433074951, 0.0]","[0.0, 0.5, 0.0, 0.0, 0.0, 0.10648148506879807, 0.27546295523643494, 0.1180555522441864]"
17,0.02684343047440052,0.028217623010277748,0.02968589775264263,0.07594417780637741,0.09926954656839371,1.3071383407624113,-0.8032280206680298,0.0,3,3,2.5751151907267626,"[1, 3, 5]","[1, 3, 5]","[0.0, 0.7577160596847534, 0.0, 0.06635802239179611, 0.0, 0.17592592537403107, 0.0, 0.0]","[0.0, 0.5, 0.0, 0.39814814925193787, 0.0, 0.10185185074806213, 0.0, 0.0]"
18,0.025594906881451607,0.032537225633859634,0.033426761627197266,0.07261461019515991,0.12847597897052765,1.7692855284251205,-0.7490827441215515,0.0,4,5,3.3743937431728717,"[3, 5, 6, 7]","[1, 3, 5, 6, 7]","[0.0, 0.0, 0.0, 0.6103395223617554, 0.0, 0.07561728358268738, 0.1350308656692505, 0.17901234328746796]","[0.0, 0.015432098880410194, 0.0, 0.39120370149612427, 0.0, 0.09490741044282913, 0.07677469402551651, 0.42168208956718445]"
19,0.025816474109888077,0.03067893721163273,0.03233399614691734,0.07303795218467712,0.12560023367404938,1.719657108628512,-0.6649741530418396,0.005401234567901234,2,3,2.566696095161863,"[2, 5]","[2, 5, 6]","[0.0, 0.0, 0.9413580298423767, 0.0, 0.0, 0.05864197388291359, 0.0, 0.0]","[0.0, 0.0, 0.4972993731498718, 0.0, 0.00424382695928216, 0.0833333358168602, 0.41512346267700195, 0.0]"
20,0.021762574091553688,0.026369202882051468,0.028069598600268364,0.06394247710704803,0.10039576888084412,1.5700950826907836,-0.40952497720718384,0.18055555555555555,1,6,3.357683541416564,[2],"[1, 2, 3, 4, 5, 7]","[0.0, 0.0, 1.0, 0.0, 0.0, 0.0, 0.0, 0.0]","[0.0, 0.3337191343307495, 0.5, 0.0902777761220932, 0.0381944440305233, 0.011574073694646358, 0.003086419776082039, 0.023148147389292717]"
21,0.020856091752648354,0.024912511929869652,0.025459855794906616,0.059588704258203506,0.10124727338552475,1.699101778531896,-0.5777580142021179,0.0,3,5,3.920183209494892,"[1, 5, 7]","[0, 1, 3, 5, 7]","[0.0, 0.0625, 0.0, 0.0, 0.0, 0.14429011940956116, 0.0, 0.7932098507881165]","[0.060956791043281555, 0.28317901492118835, 0.0, 0.13117283582687378, 0.0, 0.08564814925193787, 0.0, 0.43904322385787964]"
22,0.02533445879817009,0.03305273503065109,0.03261752426624298,0.07228345423936844,0.13719557225704193,1.8980218045849804,-0.48266372084617615,0.0007716049382716049,1,4,2.863360515575153,[5],"[1, 2, 5, 6]","[0.0, 0.0, 0.0015432098880410194, 0.0, 0.0, 0.9984567761421204, 0.0, 0.0]","[0.0, 0.3777006268501282, 0.09182098507881165, 0.003086419776082039, 0.00038580247201025486, 0.5, 0.027006173506379128, 0.0]"
23,0.010875359177589417,0.021679244935512543,0.02335732989013195,0.07248778641223907,0.15969952940940857,2.2031232751569356,0.7317126393318176,0.0,1,3,2.321113112841088,[3],"[1, 3, 7]","[0.0, 0.0, 0.0, 1.0, 0.0, 0.0, 0.0, 0.0]","[0.0, 0.45601850748062134, 0.0, 0.5, 0.0, 0.0, 0.0, 0.04398148134350777]"
24,0.023061856627464294,0.03177022561430931,0.033624839037656784,0.10768847167491913,0.23190893232822418,2.1535167945208777,0.5423560738563538,0.16589506172839505,1,4,2.8431262057093245,[6],"[1, 2, 6, 7]","[0.0, 0.0, 0.0, 0.0, 0.0, 0.0, 1.0, 0.0]","[0.0, 0.03202160447835922, 0.3827160596847534, 0.0, 0.0, 0.002314814832061529, 0.5, 0.08294752985239029]"
