layer,top1_effective_experts,top2_effective_experts,top1_dominant_frac,active_top1_count,entropy_length_corr_across_top1_experts,top1_fraction_by_expert,top2_fraction_by_expert
0,1.0,2.0,1.0,1,,"[1.0, 0.0, 0.0, 0.0, 0.0, 0.0, 0.0, 0.0]","[0.5, 0.0, 0.0, 0.0, 0.0, 0.0, 0.5, 0.0]"
1,1.0,2.0280837762144417,1.0,1,,"[0.0, 1.0, 0.0, 0.0, 0.0, 0.0, 0.0, 0.0]","[0.0, 0.5, 0.0011574074160307646, 0.0, 0.0, 0.0, 0.49807098507881165, 0.0007716049440205097]"
2,1.0,2.011565909105755,1.0,1,,"[0.0, 0.0, 0.0, 1.0, 0.0, 0.0, 0.0, 0.0]","[0.0, 0.0007716049440205097, 0.0, 0.5, 0.0, 0.0, 0.4992283880710602, 0.0]"
3,1.3565693832617307,3.030025723663078,0.9089506268501282,2,1.0,"[0.0, 0.09104938060045242, 0.0, 0.0, 0.0, 0.0, 0.9089506268501282, 0.0]","[0.002314814832061529, 0.3653549253940582, 0.0, 0.0, 0.13734567165374756, 0.02739197574555874, 0.46759259700775146, 0.0]"
4,1.4666318223825954,2.8546907604629865,0.8742284178733826,2,-1.0,"[0.0007716049440205097, 0.0, 0.125, 0.0, 0.0, 0.0, 0.0, 0.8742284178733826]","[0.0007716049440205097, 0.0, 0.1979166716337204, 0.0, 0.0, 0.0, 0.3371913433074951, 0.46412035822868347]"
5,1.0,2.0,1.0,1,,"[0.0, 1.0, 0.0, 0.0, 0.0, 0.0, 0.0, 0.0]","[0.0, 0.5, 0.0, 0.0, 0.0, 0.0, 0.5, 0.0]"
6,1.7904885104160522,2.574136759345341,0.7600308656692505,2,-1.0,"[0.2330246865749359, 0.0, 0.0, 0.0069444444961845875, 0.0, 0.0, 0.0, 0.7600308656692505]","[0.49151235818862915, 0.0, 0.0, 0.10030864179134369, 0.0, 0.0, 0.0, 0.40817901492118835]"
7,2.4954984974875454,3.0396643459662336,0.6180555820465088,3,-0.05476599559187889,"[0.0, 0.0, 0.0, 0.6180555820465088, 0.0, 0.24459876120090485, 0.13734567165374756, 0.0]","[0.0, 0.00038580247201025486, 0.002314814832061529, 0.36998456716537476, 0.0, 0.3267746865749359, 0.30054011940956116, 0.0]"
8,1.6829017104971271,4.689814394851874,0.8086419701576233,2,-1.0,"[0.8086419701576233, 0.0, 0.0, 0.007716049440205097, 0.0, 0.1836419701576233, 0.0, 0.0]","[0.43865740299224854, 0.13425925374031067, 0.09529320895671844, 0.10108024626970291, 0.0, 0.1809413582086563, 0.0, 0.04976851865649223]"
9,1.8147192051726309,2.248476300960554,0.716821014881134,2,-0.9999999403953552,"[0.28317901492118835, 0.716821014881134, 0.0, 0.0, 0.0, 0.0, 0.0, 0.0]","[0.4756944477558136, 0.5, 0.005401234608143568, 0.0, 0.002314814832061529, 0.0, 0.016589505597949028, 0.0]"
10,1.1476696237527215,2.011565909105755,0.9691358208656311,2,-1.0,"[0.0, 0.9691358208656311, 0.0, 0.0, 0.03086419776082039, 0.0, 0.0, 0.0]","[0.0, 0.4992283880710602, 0.0, 0.0007716049440205097, 0.5, 0.0, 0.0, 0.0]"
11,1.870482650565839,2.8347453724084826,0.7021604776382446,2,-0.9999998807907104,"[0.0, 0.2947530746459961, 0.0, 0.0, 0.0, 0.003086419776082039, 0.7021604776382446, 0.0]","[0.007716049440205097, 0.47453704476356506, 0.013117283582687378, 0.08487654477357864, 0.0, 0.0034722222480922937, 0.4162808656692505, 0.0]"
12,3.390448506609585,3.6096575808571694,0.5046296119689941,4,-0.19827470183372498,"[0.0007716049440205097, 0.11496913433074951, 0.5046296119689941, 0.0, 0.14814814925193787, 0.23148147761821747, 0.0, 0.0]","[0.0034722222480922937, 0.13773147761821747, 0.358410507440567, 0.0, 0.10918209701776505, 0.3888888955116272, 0.002314814832061529, 0.0]"
13,1.9554659304110995,3.0155153055055353,0.6057098507881165,2,-0.9999999403953552,"[0.0, 0.0, 0.0, 0.0, 0.6057098507881165, 0.39429011940956116, 0.0, 0.0]","[0.0, 0.0, 0.33564814925193787, 0.0007716049440205097, 0.3221450746059418, 0.34143519401550293, 0.0, 0.0]"
14,1.9561113462334472,3.084466030574728,0.604938268661499,2,-1.0,"[0.0, 0.0, 0.395061731338501, 0.0, 0.0, 0.0, 0.0, 0.604938268661499]","[0.0, 0.0, 0.44907405972480774, 0.05092592537403107, 0.11419752985239029, 0.0, 0.0, 0.3858024775981903]"
15,1.0,2.1097523617374447,1.0,1,,"[0.0, 0.0, 0.0, 0.0, 0.0, 0.0, 0.0, 1.0]","[0.0, 0.00038580247201025486, 0.0, 0.0015432098880410194, 0.0, 0.007716049440205097, 0.4903549253940582, 0.5]"
16,1.7065887666261952,2.708842112564171,0.7739197611808777,2,-1.0,"[0.0, 0.7739197611808777, 0.0, 0.0, 0.0, 0.0, 0.2260802537202835, 0.0]","[0.0, 0.5, 0.0, 0.0, 0.0, 0.0034722222480922937, 0.36921295523643494, 0.12731482088565826]"
17,1.4813638952945944,2.080572179669416,0.8665123581886292,2,-1.0,"[0.0, 0.8665123581886292, 0.0, 0.13348765671253204, 0.0, 0.0, 0.0, 0.0]","[0.0, 0.4965277910232544, 0.0, 0.4969135820865631, 0.0, 0.003086419776082039, 0.0034722222480922937, 0.0]"
18,1.9933141161452255,2.95307173979468,0.5408950448036194,2,-1.0,"[0.0, 0.0, 0.0, 0.4591049253940582, 0.0, 0.5408950448036194, 0.0, 0.0]","[0.0, 0.0, 0.0, 0.25192901492118835, 0.0, 0.38078704476356506, 0.0, 0.3672839403152466]"
19,1.0,2.1158707372518233,1.0,1,,"[0.0, 0.0, 1.0, 0.0, 0.0, 0.0, 0.0, 0.0]","[0.0, 0.006172839552164078, 0.5, 0.0, 0.0015432098880410194, 0.0, 0.4903549253940582, 0.0019290123600512743]"
20,1.0,3.5429613329181584,1.0,1,,"[0.0, 0.0, 1.0, 0.0, 0.0, 0.0, 0.0, 0.0]","[0.006172839552164078, 0.08526234328746796, 0.5, 0.00038580247201025486, 0.1736111044883728, 0.0, 0.006558641791343689, 0.22800925374031067]"
21,1.1446099088698019,2.532548468447343,0.9699074029922485,2,-1.0,"[0.0, 0.030092593282461166, 0.0, 0.0, 0.0, 0.0, 0.0, 0.9699074029922485]","[0.0, 0.41473764181137085, 0.0, 0.08371913433074951, 0.0, 0.0015432098880410194, 0.0, 0.5]"
22,1.0,2.1546874170015258,1.0,1,,"[0.0, 0.0, 0.0, 0.0, 0.0, 1.0, 0.0, 0.0]","[0.0, 0.4864969253540039, 0.0, 0.0069444444961845875, 0.0011574074160307646, 0.5, 0.0, 0.005401234608143568]"
23,1.0,2.011565909105755,1.0,1,,"[0.0, 0.0, 0.0, 1.0, 0.0, 0.0, 0.0, 0.0]","[0.0, 0.4992283880710602, 0.0007716049440205097, 0.5, 0.0, 0.0, 0.0, 0.0]"
24,1.0,2.8325682855655536,1.0,1,,"[0.0, 0.0, 0.0, 0.0, 0.0, 0.0, 1.0, 0.0]","[0.005401234608143568, 0.0, 0.10030864179134369, 0.0, 0.3777006268501282, 0.016589505597949028, 0.5, 0.0]"
