layer,expert,param,init_norm,final_norm,delta_norm,relative_delta_norm
0,0,w1.weight,61.52294921875,60.09664535522461,4.411808490753174,0.07170996427798913
0,0,w2.weight,106.22272491455078,103.52784729003906,4.8624348640441895,0.045775843803250706
0,0,w3.weight,51.351253509521484,50.20412063598633,4.197029113769531,0.0817317753108255
0,1,w1.weight,61.21516799926758,59.61614227294922,1.5881868600845337,0.025944335562446057
0,1,w2.weight,106.32040405273438,103.54438018798828,2.75936222076416,0.025953270638395098
0,1,w3.weight,51.37648010253906,50.03501892089844,1.3333719968795776,0.025952965135376323
0,2,w1.weight,61.52294921875,59.86477279663086,4.412160396575928,0.07171568418945669
0,2,w2.weight,106.22272491455078,103.42040252685547,4.922178268432617,0.04633827904897131
0,2,w3.weight,51.351253509521484,50.013038635253906,4.278252601623535,0.08331349887749447
0,3,w1.weight,61.21516799926758,59.63554382324219,2.2047064304351807,0.03601568863556044
0,3,w2.weight,106.32040405273438,103.55487823486328,3.1495511531829834,0.02962320526566841
0,3,w3.weight,51.37648010253906,50.05963897705078,2.0414910316467285,0.039735906928076936
0,4,w1.weight,61.52294921875,59.9159049987793,1.6338508129119873,0.02655677001280721
0,4,w2.weight,106.22272491455078,103.44839477539062,2.77839732170105,0.026156336357743244
0,4,w3.weight,51.351253509521484,50.0109748840332,1.3777499198913574,0.026829917981181704
0,5,w1.weight,61.21516799926758,59.95582580566406,4.418788909912109,0.07218454272583073
0,5,w2.weight,106.32040405273438,103.72814178466797,4.860720634460449,0.045717665181647646
0,5,w3.weight,51.37648010253906,50.38066864013672,4.218319892883301,0.08210605094907517
0,6,w1.weight,61.52294921875,59.959754943847656,3.8207015991210938,0.06210205537345433
0,6,w2.weight,106.22272491455078,103.47432708740234,4.419051170349121,0.0416017492857947
0,6,w3.weight,51.351253509521484,50.08858108520508,3.7054812908172607,0.07215950999385289
0,7,w1.weight,61.21516799926758,59.615482330322266,1.5994973182678223,0.026129101177782173
0,7,w2.weight,106.32040405273438,103.54376983642578,2.765829563140869,0.026014099436350958
0,7,w3.weight,51.37648010253906,50.03535842895508,1.3486640453338623,0.026250612004600604
1,0,w1.weight,61.59125518798828,59.98270034790039,1.597943902015686,0.02594433084921601
1,0,w2.weight,108.83306121826172,105.99128723144531,2.8245198726654053,0.02595277428612324
1,0,w3.weight,53.69169235229492,52.289794921875,1.393386960029602,0.025951630484786145
1,1,w1.weight,61.810813903808594,60.196327209472656,1.6270936727523804,0.026323770388859052
1,1,w2.weight,108.9769058227539,106.12992858886719,2.8412070274353027,0.02607164339989955
1,1,w3.weight,53.75628662109375,52.35285186767578,1.4225177764892578,0.026462351957380944
1,2,w1.weight,61.59125518798828,59.98270034790039,1.597943902015686,0.02594433084921601
1,2,w2.weight,108.83306121826172,105.99128723144531,2.8245198726654053,0.02595277428612324
1,2,w3.weight,53.69169235229492,52.289794921875,1.393386960029602,0.025951630484786145
1,3,w1.weight,61.810813903808594,60.19627380371094,1.6035734415054321,0.025943250706921994
1,3,w2.weight,108.9769058227539,106.13111114501953,2.828357458114624,0.025953732460662775
1,3,w3.weight,53.75628662109375,52.352481842041016,1.3950942754745483,0.025952206954099635
1,4,w1.weight,61.59125518798828,60.013179779052734,2.500591993331909,0.04059978946198748
1,4,w2.weight,108.83306121826172,106.00769805908203,3.413344144821167,0.03136311803244942
1,4,w3.weight,53.69169235229492,52.32585525512695,2.3824853897094727,0.04437344559893714
1,5,w1.weight,61.810813903808594,60.19627380371094,1.6035734415054321,0.025943250706921994
1,5,w2.weight,108.9769058227539,106.13111114501953,2.828357458114624,0.025953732460662775
1,5,w3.weight,53.75628662109375,52.352481842041016,1.3950942754745483,0.025952206954099635
1,6,w1.weight,61.59125518798828,60.23277282714844,4.372447967529297,0.07099137619754102
1,6,w2.weight,108.83306121826172,106.13690948486328,4.8890862464904785,0.04492280371205865
1,6,w3.weight,53.69169235229492,52.56039810180664,4.193121433258057,0.0780962798815328
1,7,w1.weight,61.810813903808594,60.44336700439453,4.368795394897461,0.07068011435177361
1,7,w2.weight,108.9769058227539,106.27384948730469,4.883628845214844,0.044813429123761364
1,7,w3.weight,53.75628662109375,52.62166976928711,4.183344841003418,0.07782056953617425
10,0,w1.weight,60.24470901489258,58.67399978637695,1.6945568323135376,0.028127894715112865
10,0,w2.weight,113.9871826171875,111.01026916503906,3.031442642211914,0.026594592239310186
10,0,w3.weight,58.3988037109375,56.87604904174805,1.6549307107925415,0.028338435132748474
10,1,w1.weight,60.15989303588867,58.614681243896484,2.4550259113311768,0.040808349008642324
10,1,w2.weight,113.34840393066406,110.39984893798828,3.4996509552001953,0.030875167482207543
10,1,w3.weight,58.301151275634766,56.806278228759766,2.4264273643493652,0.041618858483217926
10,2,w1.weight,60.24470901489258,58.67679214477539,1.7598096132278442,0.029211023540553372
10,2,w2.weight,113.9871826171875,111.01209259033203,3.068432331085205,0.026919099679743347
10,2,w3.weight,58.3988037109375,56.878543853759766,1.7220869064331055,0.02948839354581756
10,3,w1.weight,60.15989303588867,58.60146713256836,2.1128196716308594,0.035120070282877856
10,3,w2.weight,113.34840393066406,110.39321899414062,3.269657611846924,0.028846084271702366
10,3,w3.weight,58.301151275634766,56.79243087768555,2.0801665782928467,0.03567968269542826
10,4,w1.weight,60.24470901489258,58.856407165527344,4.572886943817139,0.07590520426759201
10,4,w2.weight,113.9871826171875,111.1066665649414,5.1507792472839355,0.04518735465707732
10,4,w3.weight,58.3988037109375,57.058067321777344,4.469700813293457,0.07653754065609825
10,5,w1.weight,60.15989303588867,58.73897933959961,4.3192620277404785,0.0717963714656828
10,5,w2.weight,113.34840393066406,110.46500396728516,4.923534393310547,0.04343717443363614
10,5,w3.weight,58.301151275634766,56.92987060546875,4.243607521057129,0.07278771393371344
10,6,w1.weight,60.24470901489258,58.85652160644531,4.6202778816223145,0.07669184492998544
10,6,w2.weight,113.9871826171875,111.11131286621094,5.199358940124512,0.04561354023097403
10,6,w3.weight,58.3988037109375,57.065452575683594,4.506887912750244,0.07717431910178106
10,7,w1.weight,60.15989303588867,58.814422607421875,4.613147735595703,0.07668144843348759
10,7,w2.weight,113.34840393066406,110.52452087402344,5.177028656005859,0.045673591126811415
10,7,w3.weight,58.301151275634766,57.01018524169922,4.508087635040283,0.07732416146856137
11,0,w1.weight,60.058807373046875,58.712215423583984,4.663363933563232,0.07764662898810698
11,0,w2.weight,114.13038635253906,111.29291534423828,5.231744766235352,0.04584006883210656
11,0,w3.weight,58.68587112426758,57.386207580566406,4.55896520614624,0.0776842043716542
11,1,w1.weight,60.071678161621094,58.59721755981445,4.408156871795654,0.07338161687335526
11,1,w2.weight,114.05938720703125,111.11087799072266,5.0258283615112305,0.04406325936495446
11,1,w3.weight,58.58509826660156,57.15393829345703,4.325033664703369,0.07382480857199361
11,2,w1.weight,60.058807373046875,58.5181884765625,2.4529173374176025,0.04084192551779473
11,2,w2.weight,114.13038635253906,111.16320037841797,3.517547607421875,0.030820430210026967
11,2,w3.weight,58.68587112426758,57.181724548339844,2.4348137378692627,0.04148892554927732
11,3,w1.weight,60.071678161621094,58.71067810058594,4.627026081085205,0.07702508441059777
11,3,w2.weight,114.05938720703125,111.20355987548828,5.191250324249268,0.04551357368619288
11,3,w3.weight,58.58509826660156,57.26848602294922,4.509263515472412,0.0769694623529034
11,4,w1.weight,60.058807373046875,58.7191047668457,4.509606838226318,0.075086519953942
11,4,w2.weight,114.13038635253906,111.29447174072266,5.100571155548096,0.044690737660282864
11,4,w3.weight,58.68587112426758,57.38093185424805,4.445374011993408,0.07574862444454875
11,5,w1.weight,60.071678161621094,58.50554275512695,1.6888270378112793,0.02811353185884888
11,5,w2.weight,114.05938720703125,111.08086395263672,3.0329203605651855,0.02659071238967864
11,5,w3.weight,58.58509826660156,57.0577278137207,1.6581096649169922,0.02830258400133513
11,6,w1.weight,60.058807373046875,58.6771354675293,4.561834335327148,0.07595612591825004
11,6,w2.weight,114.13038635253906,111.26142120361328,5.165912628173828,0.04526325366337338
11,6,w3.weight,58.68587112426758,57.34465408325195,4.498293399810791,0.07665036428079186
11,7,w1.weight,60.071678161621094,58.563438415527344,3.1942505836486816,0.0531739861679008
11,7,w2.weight,114.05938720703125,111.11058807373047,4.067200660705566,0.03565862276046672
11,7,w3.weight,58.58509826660156,57.118595123291016,3.1813268661499023,0.05430266330992009
12,0,w1.weight,60.5587043762207,59.01209259033203,2.7218480110168457,0.04494561168461153
12,0,w2.weight,114.33258056640625,111.36248779296875,3.7078423500061035,0.032430321537722094
12,0,w3.weight,58.968509674072266,57.46403884887695,2.7017223834991455,0.04581635856886873
12,1,w1.weight,60.31698989868164,58.83956527709961,4.077580451965332,0.06760251893893646
12,1,w2.weight,115.05714416503906,112.09571075439453,4.785118579864502,0.04158906093654333
12,1,w3.weight,59.22942352294922,57.78331756591797,4.049953937530518,0.06837739921546326
12,2,w1.weight,60.5587043762207,59.047550201416016,3.5973517894744873,0.05940272049292691
12,2,w2.weight,114.33258056640625,111.37963104248047,4.381529808044434,0.038322670461369765
12,2,w3.weight,58.968509674072266,57.50413131713867,3.5717058181762695,0.06056971488541187
12,3,w1.weight,60.31698989868164,58.88743209838867,4.517051696777344,0.07488854640068832
12,3,w2.weight,115.05714416503906,112.13116455078125,5.147789001464844,0.04474115048502127
12,3,w3.weight,59.22942352294922,57.830718994140625,4.461738109588623,0.07532975747872657
12,4,w1.weight,60.5587043762207,59.22731018066406,4.676148891448975,0.07721679219552555
12,4,w2.weight,114.33258056640625,111.50598907470703,5.25429630279541,0.045956246913744614
12,4,w3.weight,58.968509674072266,57.679264068603516,4.5799784660339355,0.07766820785107306
12,5,w1.weight,60.31698989868164,58.986083984375,4.661940097808838,0.0772906623099018
12,5,w2.weight,115.05714416503906,112.203857421875,5.260035037994385,0.04571671821133762
12,5,w3.weight,59.22942352294922,57.92745590209961,4.579466342926025,0.07731742216183438
12,6,w1.weight,60.5587043762207,59.13201904296875,4.382252216339111,0.07236370496162393
12,6,w2.weight,114.33258056640625,111.43006134033203,4.999279022216797,0.04372576038649884
12,6,w3.weight,58.968509674072266,57.58528137207031,4.313594341278076,0.07315081159622112
12,7,w1.weight,60.31698989868164,58.84458923339844,3.7539119720458984,0.06223639439487159
12,7,w2.weight,115.05714416503906,112.10577392578125,4.510275363922119,0.039200306914036545
12,7,w3.weight,59.22942352294922,57.78620529174805,3.7337279319763184,0.06303839730146239
13,0,w1.weight,61.3597297668457,59.80364227294922,3.227428436279297,0.05259847865273862
13,0,w2.weight,115.6467056274414,112.64835357666016,4.104006767272949,0.03548745072336145
13,0,w3.weight,59.599281311035156,58.095008850097656,3.2042593955993652,0.0537633898448709
13,1,w1.weight,60.21415328979492,58.697364807128906,3.159576416015625,0.05247232159537908
13,1,w2.weight,115.60450744628906,112.61275482177734,4.064575672149658,0.03515931828210127
13,1,w3.weight,59.45781707763672,57.96315002441406,3.1528730392456055,0.05302705673046667
13,2,w1.weight,61.3597297668457,59.86029052734375,4.765584945678711,0.07766632877600457
13,2,w2.weight,115.6467056274414,112.66187286376953,5.356002330780029,0.04631348815101116
13,2,w3.weight,59.599281311035156,58.14978790283203,4.64959716796875,0.07801431604021325
13,3,w1.weight,60.21415328979492,58.65004348754883,1.862122654914856,0.0309249994092405
13,3,w2.weight,115.60450744628906,112.5882339477539,3.1697838306427,0.02741920622874834
13,3,w3.weight,59.45781707763672,57.91299819946289,1.8528743982315063,0.031162839291797317
13,4,w1.weight,61.3597297668457,59.72580337524414,4.7609992027282715,0.07759159339226243
13,4,w2.weight,115.6467056274414,112.55855560302734,5.336459159851074,0.04614449785575871
13,4,w3.weight,59.599281311035156,58.021732330322266,4.639773368835449,0.07784948520807565
13,5,w1.weight,60.21415328979492,58.986202239990234,4.681570053100586,0.07774866534399877
13,5,w2.weight,115.60450744628906,112.81592559814453,5.265247821807861,0.045545350593307096
13,5,w3.weight,59.45781707763672,58.242919921875,4.6139140129089355,0.07759978821429427
13,6,w1.weight,61.3597297668457,59.760276794433594,1.7340441942214966,0.02826029711686277
13,6,w2.weight,115.6467056274414,112.62593078613281,3.080939292907715,0.026640960295341288
13,6,w3.weight,59.599281311035156,58.044769287109375,1.695695400238037,0.028451608189510848
13,7,w1.weight,60.21415328979492,58.8293342590332,4.338908672332764,0.07205795374138473
13,7,w2.weight,115.60450744628906,112.69573974609375,4.988823413848877,0.04315422922559216
13,7,w3.weight,59.45781707763672,58.090660095214844,4.293341636657715,0.07220819477868881
14,0,w1.weight,61.50471878051758,59.9192008972168,2.463104248046875,0.04004740281532765
14,0,w2.weight,116.14582824707031,113.12220001220703,3.554584264755249,0.030604493664583086
14,0,w3.weight,59.7955436706543,58.25725555419922,2.4403469562530518,0.04081151882645485
14,1,w1.weight,61.255191802978516,59.67177200317383,2.206130027770996,0.036015396619224815
14,1,w2.weight,116.00835418701172,112.98692321777344,3.3827064037323,0.029159162091715964
14,1,w3.weight,59.70075225830078,58.15933609008789,2.182004928588867,0.03654903574997156
14,2,w1.weight,61.50471878051758,59.8294792175293,4.887201309204102,0.07946059109129862
14,2,w2.weight,116.14582824707031,113.01532745361328,5.453666687011719,0.04695533855430779
14,2,w3.weight,59.7955436706543,58.1763916015625,4.718867301940918,0.07891670536406052
14,3,w1.weight,61.255191802978516,60.070560455322266,4.678908824920654,0.0763838735493612
14,3,w2.weight,116.00835418701172,113.27422332763672,5.196342468261719,0.044792829832624725
14,3,w3.weight,59.70075225830078,58.54751968383789,4.60178804397583,0.0770809055146524
14,4,w1.weight,61.50471878051758,59.65125274658203,5.1081342697143555,0.083052721335787
14,4,w2.weight,116.14582824707031,112.87604522705078,5.6029558181762695,0.04824069794618346
14,4,w3.weight,59.7955436706543,58.01166534423828,4.88831090927124,0.08175042167348304
14,5,w1.weight,61.255191802978516,59.676273345947266,2.3119208812713623,0.037742447835399776
14,5,w2.weight,116.00835418701172,112.98917388916016,3.448547124862671,0.02972671364084174
14,5,w3.weight,59.70075225830078,58.16447830200195,2.288116216659546,0.03832642186416283
14,6,w1.weight,61.50471878051758,59.94068908691406,3.0980589389801025,0.050371077218247566
14,6,w2.weight,116.14582824707031,113.13375091552734,4.021391868591309,0.03462364451038912
14,6,w3.weight,59.7955436706543,58.28036880493164,3.0747461318969727,0.05142099131721594
14,7,w1.weight,61.255191802978516,59.67856216430664,2.3766567707061768,0.038799270735294204
14,7,w2.weight,116.00835418701172,112.98931121826172,3.497572422027588,0.0301493150776821
14,7,w3.weight,59.70075225830078,58.164920806884766,2.360609292984009,0.03954069594919971
15,0,w1.weight,61.933963775634766,60.36406326293945,3.220536947250366,0.05199952902929321
15,0,w2.weight,116.88624572753906,113.85923767089844,4.122192859649658,0.035266705966914384
15,0,w3.weight,60.006690979003906,58.490631103515625,3.1951940059661865,0.053247295490499856
15,1,w1.weight,62.21654510498047,60.60985565185547,2.356410026550293,0.03787433105734479
15,1,w2.weight,116.88302612304688,113.83973693847656,3.4938156604766846,0.02989155719495654
15,1,w3.weight,59.92424011230469,58.380455017089844,2.3279824256896973,0.03884876005647732
15,2,w1.weight,61.933963775634766,60.31772994995117,1.6695289611816406,0.02695659795374533
15,2,w2.weight,116.88624572753906,113.83218383789062,3.068020820617676,0.02624791994576661
15,2,w3.weight,60.006690979003906,58.43968200683594,1.6236464977264404,0.027057757580642473
15,3,w1.weight,62.21654510498047,60.65318298339844,3.56721568107605,0.05733548327148167
15,3,w2.weight,116.88302612304688,113.86519622802734,4.412259578704834,0.03774936126362655
15,3,w3.weight,59.92424011230469,58.43048858642578,3.5331804752349854,0.05896078896642416
15,4,w1.weight,61.933963775634766,60.542449951171875,4.862920761108398,0.07851783520145734
15,4,w2.weight,116.88624572753906,114.01080322265625,5.360325813293457,0.04585933768279537
15,4,w3.weight,60.006690979003906,58.682373046875,4.726737976074219,0.07877018210732543
15,5,w1.weight,62.21654510498047,60.81473159790039,4.888315677642822,0.07856938487012567
15,5,w2.weight,116.88302612304688,114.01300048828125,5.459373474121094,0.04670800932526997
15,5,w3.weight,59.92424011230469,58.61634063720703,4.741186141967773,0.07911967065551744
15,6,w1.weight,61.933963775634766,60.548179626464844,4.840122699737549,0.07814973246781932
15,6,w2.weight,116.88624572753906,114.01647186279297,5.349565505981445,0.045767279740091885
15,6,w3.weight,60.006690979003906,58.69011306762695,4.701173305511475,0.07834415177394663
15,7,w1.weight,62.21654510498047,60.680999755859375,4.585715293884277,0.07370572065913564
15,7,w2.weight,116.88302612304688,113.88382720947266,5.2120041847229,0.04459162598370781
15,7,w3.weight,59.92424011230469,58.46699142456055,4.47227668762207,0.07463218022023228
16,0,w1.weight,62.643550872802734,61.06657409667969,3.393548011779785,0.054172344391369275
16,0,w2.weight,117.5829086303711,114.54901123046875,4.256453990936279,0.03619959771803793
16,0,w3.weight,60.24258804321289,58.736244201660156,3.3616621494293213,0.05580208717158525
16,1,w1.weight,62.54345703125,60.93885803222656,4.541701793670654,0.07261673737352428
16,1,w2.weight,117.60956573486328,114.54180145263672,5.151352882385254,0.0438004583232483
16,1,w3.weight,60.22745895385742,58.69612503051758,4.426901817321777,0.07350304818128428
16,2,w1.weight,62.643550872802734,61.095802307128906,3.8907630443573,0.06210955461732051
16,2,w2.weight,117.5829086303711,114.56929016113281,4.653048515319824,0.039572490334857435
16,2,w3.weight,60.24258804321289,58.76683807373047,3.8578829765319824,0.06403913081829424
16,3,w1.weight,62.54345703125,60.690853118896484,5.349184989929199,0.08552749150492879
16,3,w2.weight,117.60956573486328,114.35198211669922,5.716175079345703,0.048602977518275074
16,3,w3.weight,60.22745895385742,58.468135833740234,5.039463520050049,0.0836738525513901
16,4,w1.weight,62.643550872802734,61.1055793762207,4.244161605834961,0.06775097430943261
16,4,w2.weight,117.5829086303711,114.57907104492188,4.935161590576172,0.04197175974010054
16,4,w3.weight,60.24258804321289,58.784088134765625,4.193552017211914,0.06961108666519686
16,5,w1.weight,62.54345703125,60.91678237915039,1.9401075839996338,0.031020152644108286
16,5,w2.weight,117.60956573486328,114.54063415527344,3.2371959686279297,0.02752493769023664
16,5,w3.weight,60.22745895385742,58.66191482543945,1.8987029790878296,0.031525536890780456
16,6,w1.weight,62.643550872802734,61.335731506347656,5.010315895080566,0.0799813520350067
16,6,w2.weight,117.5829086303711,114.78988647460938,5.409051895141602,0.046002024938379724
16,6,w3.weight,60.24258804321289,59.02721405029297,4.845789432525635,0.08043793585112244
16,7,w1.weight,62.54345703125,60.85075759887695,5.119279861450195,0.0818515653666578
16,7,w2.weight,117.60956573486328,114.47660827636719,5.588625431060791,0.047518459881568074
16,7,w3.weight,60.22745895385742,58.61748504638672,4.886012077331543,0.08112598741837712
17,0,w1.weight,62.658660888671875,61.0224609375,2.0669054985046387,0.03298674866634891
17,0,w2.weight,119.07705688476562,115.96600341796875,3.3471014499664307,0.02810870152094447
17,0,w3.weight,60.904502868652344,59.3167610168457,2.031342029571533,0.0333529038723512
17,1,w1.weight,62.523681640625,60.93354797363281,4.257007122039795,0.06808631562210694
17,1,w2.weight,118.85364532470703,115.77857971191406,4.939144611358643,0.041556526077638635
17,1,w3.weight,60.78935241699219,59.26372146606445,4.186220169067383,0.06886436526501238
17,2,w1.weight,62.658660888671875,61.277374267578125,4.447363376617432,0.07097763203907545
17,2,w2.weight,119.07705688476562,116.17430877685547,5.019368648529053,0.042152273324880724
17,2,w3.weight,60.904502868652344,59.59121322631836,4.355833053588867,0.07151906424690235
17,3,w1.weight,62.523681640625,60.65854263305664,5.381416320800781,0.08607004865343852
17,3,w2.weight,118.85364532470703,115.58474731445312,5.734476089477539,0.0482482137910954
17,3,w3.weight,60.78935241699219,59.00328826904297,5.060520172119141,0.08324681824879107
17,4,w1.weight,62.658660888671875,61.025482177734375,1.9210435152053833,0.030658866435376693
17,4,w2.weight,119.07705688476562,115.96786499023438,3.2575454711914062,0.027356617272996608
17,4,w3.weight,60.904502868652344,59.31818389892578,1.8840179443359375,0.030933968025303658
17,5,w1.weight,62.523681640625,60.90024948120117,1.9888917207717896,0.03181021444328172
17,5,w2.weight,118.85364532470703,115.75399780273438,3.2980940341949463,0.027749203864841983
17,5,w3.weight,60.78935241699219,59.21343231201172,1.9673770666122437,0.032363843146686964
17,6,w1.weight,62.658660888671875,61.025386810302734,1.8450725078582764,0.029446408232956977
17,6,w2.weight,119.07705688476562,115.96820831298828,3.213705062866211,0.026988448882946284
17,6,w3.weight,60.904502868652344,59.3176155090332,1.8104853630065918,0.02972662574573648
17,7,w1.weight,62.523681640625,60.61674118041992,5.455379009246826,0.08725300343961329
17,7,w2.weight,118.85364532470703,115.55046844482422,5.752331256866455,0.04839844197585268
17,7,w3.weight,60.78935241699219,58.96355438232422,5.092230796813965,0.08376846592941285
18,0,w1.weight,63.392173767089844,61.887481689453125,4.562145233154297,0.07196701046908523
18,0,w2.weight,119.33306121826172,116.3552474975586,5.098363876342773,0.04272381705701622
18,0,w3.weight,60.98891830444336,59.5778694152832,4.438217639923096,0.07277088630705679
18,1,w1.weight,62.732017517089844,61.13398361206055,3.6270947456359863,0.05781887605715555
18,1,w2.weight,119.44491577148438,116.35526275634766,4.467865943908691,0.037405241696987224
18,1,w3.weight,60.983150482177734,59.444332122802734,3.5915043354034424,0.05889338787855831
18,2,w1.weight,63.392173767089844,61.994205474853516,5.288547992706299,0.08342588175216945
18,2,w2.weight,119.33306121826172,116.49435424804688,5.533931255340576,0.04637383134937683
18,2,w3.weight,60.98891830444336,59.718177795410156,5.022900104522705,0.0823575863314939
18,3,w1.weight,62.732017517089844,61.126678466796875,4.726314067840576,0.07534133692660099
18,3,w2.weight,119.44491577148438,116.374755859375,5.2383222579956055,0.04385554817600809
18,3,w3.weight,60.983150482177734,59.459205627441406,4.57424783706665,0.07500838839743766
18,4,w1.weight,63.392173767089844,61.75209426879883,2.628901243209839,0.041470438494011636
18,4,w2.weight,119.33306121826172,116.22794342041016,3.7122604846954346,0.031108399020332102
18,4,w3.weight,60.98891830444336,59.41796112060547,2.59234619140625,0.0425052003458363
18,5,w1.weight,62.732017517089844,61.319313049316406,5.240797996520996,0.08354263427113885
18,5,w2.weight,119.44491577148438,116.56360626220703,5.541572093963623,0.04639437399382839
18,5,w3.weight,60.983150482177734,59.6718635559082,4.986567497253418,0.08176959468026591
18,6,w1.weight,63.392173767089844,61.739112854003906,1.7915436029434204,0.02826127416809731
18,6,w2.weight,119.33306121826172,116.21720123291016,3.182093381881714,0.02666564780452248
18,6,w3.weight,60.98891830444336,59.39987564086914,1.7410457134246826,0.028546919044107884
18,7,w1.weight,62.732017517089844,61.129356384277344,3.4454452991485596,0.05492323434695648
18,7,w2.weight,119.44491577148438,116.34994506835938,4.328354358673096,0.036237242336491206
18,7,w3.weight,60.983150482177734,59.437740325927734,3.4200026988983154,0.056081108828540296
19,0,w1.weight,63.260833740234375,61.333641052246094,5.766449451446533,0.09115354810410815
19,0,w2.weight,119.97163391113281,116.6664047241211,5.844054698944092,0.0487119705585817
19,0,w3.weight,61.12535858154297,59.310909271240234,5.316030979156494,0.08696932177607875
19,1,w1.weight,63.607059478759766,62.155067443847656,4.707520961761475,0.07400941028147005
19,1,w2.weight,120.0698471069336,117.12886047363281,5.199695587158203,0.04330559014143941
19,1,w3.weight,61.213584899902344,59.859886169433594,4.588192939758301,0.07495383495772921
19,2,w1.weight,63.260833740234375,61.461483001708984,5.524388313293457,0.08732714993890155
19,2,w2.weight,119.97163391113281,116.76781463623047,5.736342906951904,0.04781416006387782
19,2,w3.weight,61.12535858154297,59.42383575439453,5.161025047302246,0.0844334522867004
19,3,w1.weight,63.607059478759766,62.06126403808594,4.341090679168701,0.06824856729335599
19,3,w2.weight,120.0698471069336,117.04109954833984,5.000680923461914,0.04164809936843088
19,3,w3.weight,61.213584899902344,59.758445739746094,4.284669876098633,0.06999540842290056
19,4,w1.weight,63.260833740234375,61.62446975708008,3.5451412200927734,0.05604006476819448
19,4,w2.weight,119.97163391113281,116.85282897949219,4.402056694030762,0.036692479301327866
19,4,w3.weight,61.12535858154297,59.56185531616211,3.5089199542999268,0.057405306663663495
19,5,w1.weight,63.607059478759766,61.948795318603516,1.8806296586990356,0.029566366911317487
19,5,w2.weight,120.0698471069336,116.93395233154297,3.246737003326416,0.02704040257863293
19,5,w3.weight,61.213584899902344,59.618255615234375,1.8315434455871582,0.02992053885721779
19,6,w1.weight,63.260833740234375,61.624549865722656,4.127101421356201,0.06523944085693052
19,6,w2.weight,119.97163391113281,116.85263061523438,4.848422527313232,0.04041307406803002
19,6,w3.weight,61.12535858154297,59.567718505859375,4.065802574157715,0.06651580732624664
19,7,w1.weight,63.607059478759766,62.0168571472168,3.7676873207092285,0.059233791839839865
19,7,w2.weight,120.0698471069336,116.99272155761719,4.572120666503906,0.03807884141329805
19,7,w3.weight,61.213584899902344,59.7022590637207,3.7344062328338623,0.061006167812918906
2,0,w1.weight,63.09025192260742,61.44268798828125,1.6368041038513184,0.025943851133439028
2,0,w2.weight,109.38038635253906,106.5246810913086,2.838550567626953,0.025951184323651236
2,0,w3.weight,54.75404357910156,53.32429122924805,1.4209355115890503,0.02595124339148104
2,1,w1.weight,62.20804977416992,60.58319091796875,1.6139092445373535,0.02594373638775373
2,1,w2.weight,109.55731964111328,106.69673919677734,2.843244791030884,0.02595212077426437
2,1,w3.weight,54.82606506347656,53.394142150878906,1.422874927520752,0.025952526884308564
2,2,w1.weight,63.09025192260742,61.44268798828125,1.6368041038513184,0.025943851133439028
2,2,w2.weight,109.38038635253906,106.5246810913086,2.838550567626953,0.025951184323651236
2,2,w3.weight,54.75404357910156,53.32429122924805,1.4209355115890503,0.02595124339148104
2,3,w1.weight,62.20804977416992,60.58319091796875,1.6139092445373535,0.02594373638775373
2,3,w2.weight,109.55731964111328,106.69673919677734,2.843244791030884,0.02595212077426437
2,3,w3.weight,54.82606506347656,53.394142150878906,1.422874927520752,0.025952526884308564
2,4,w1.weight,63.09025192260742,61.44268798828125,1.6368041038513184,0.025943851133439028
2,4,w2.weight,109.38038635253906,106.5246810913086,2.838550567626953,0.025951184323651236
2,4,w3.weight,54.75404357910156,53.32429122924805,1.4209355115890503,0.02595124339148104
2,5,w1.weight,62.20804977416992,60.82958984375,4.353425025939941,0.06998169918111634
2,5,w2.weight,109.55731964111328,106.85438537597656,4.922301769256592,0.04492900871781978
2,5,w3.weight,54.82606506347656,53.66259765625,4.200377941131592,0.07661279240573618
2,6,w1.weight,63.09025192260742,61.69512176513672,4.3668341636657715,0.06921567168605511
2,6,w2.weight,109.38038635253906,106.68692779541016,4.9172682762146,0.04495566746643156
2,6,w3.weight,54.75404357910156,53.597679138183594,4.201469898223877,0.07673350904493582
2,7,w1.weight,62.20804977416992,60.58319091796875,1.6139092445373535,0.02594373638775373
2,7,w2.weight,109.55731964111328,106.69673919677734,2.843244791030884,0.02595212077426437
2,7,w3.weight,54.82606506347656,53.394142150878906,1.422874927520752,0.025952526884308564
20,0,w1.weight,63.74259948730469,61.917083740234375,5.703719139099121,0.08948049161746242
20,0,w2.weight,121.4872055053711,118.24689483642578,5.82667350769043,0.04796121108763818
20,0,w3.weight,61.712158203125,60.00029754638672,5.322135925292969,0.0862412866484935
20,1,w1.weight,63.63045883178711,62.1508903503418,4.457423210144043,0.07005172195799461
20,1,w2.weight,121.42105102539062,118.41600036621094,5.068123817443848,0.04174007533820474
20,1,w3.weight,61.641239166259766,60.23423385620117,4.376275539398193,0.07099590466691236
20,2,w1.weight,63.74259948730469,61.93142318725586,5.691936016082764,0.08929563685610767
20,2,w2.weight,121.4872055053711,118.26082611083984,5.799861907958984,0.047740516244754005
20,2,w3.weight,61.712158203125,60.01417922973633,5.295791149139404,0.08581438898487832
20,3,w1.weight,63.63045883178711,61.98465347290039,2.416133403778076,0.03797133398275983
20,3,w2.weight,121.42105102539062,118.26055908203125,3.6103827953338623,0.0297344057298504
20,3,w3.weight,61.641239166259766,60.05193328857422,2.381913185119629,0.038641552592657245
20,4,w1.weight,63.74259948730469,62.10844421386719,4.180393218994141,0.06558240882263774
20,4,w2.weight,121.4872055053711,118.34082794189453,4.9126152992248535,0.040437305959824886
20,4,w3.weight,61.712158203125,60.15132141113281,4.103432655334473,0.06649309916901618
20,5,w1.weight,63.63045883178711,62.0096321105957,3.6124961376190186,0.05677306440880653
20,5,w2.weight,121.42105102539062,118.2859115600586,4.465800762176514,0.03677946059981497
20,5,w3.weight,61.641239166259766,60.08777618408203,3.567176103591919,0.05786996095212192
20,6,w1.weight,63.74259948730469,62.10673522949219,3.856538772583008,0.06050174927916198
20,6,w2.weight,121.4872055053711,118.34203338623047,4.656198024749756,0.038326653456061774
20,6,w3.weight,61.712158203125,60.14781951904297,3.8017330169677734,0.06160427908637294
20,7,w1.weight,63.63045883178711,61.98265075683594,2.538541316986084,0.03989506540722751
20,7,w2.weight,121.42105102539062,118.26053619384766,3.69149112701416,0.03040239806721978
20,7,w3.weight,61.641239166259766,60.05064392089844,2.504626750946045,0.04063232317881352
21,0,w1.weight,64.08554077148438,62.42055130004883,2.3942861557006836,0.037360785707312195
21,0,w2.weight,122.28352355957031,119.09680938720703,3.6099371910095215,0.029521043276536877
21,0,w3.weight,62.05982208251953,60.453086853027344,2.357404947280884,0.037986008792391605
21,1,w1.weight,64.23748779296875,62.59055709838867,3.8230738639831543,0.05951468519915497
21,1,w2.weight,122.3886947631836,119.2232894897461,4.633950233459473,0.0378625676368713
21,1,w3.weight,62.08522033691406,60.514095306396484,3.758873224258423,0.06054376877234735
21,2,w1.weight,64.08554077148438,62.53948211669922,4.531172752380371,0.0707050716562963
21,2,w2.weight,122.28352355957031,119.22185516357422,5.151009559631348,0.04212349636066871
21,2,w3.weight,62.05982208251953,60.59669876098633,4.465692043304443,0.07195786087440667
21,3,w1.weight,64.23748779296875,62.42134475708008,5.853844165802002,0.09112816155993349
21,3,w2.weight,122.3886947631836,119.17228698730469,5.807033061981201,0.047447462963940354
21,3,w3.weight,62.08522033691406,60.408851623535156,5.3751220703125,0.08657651597503509
21,4,w1.weight,64.08554077148438,62.52265548706055,4.250638008117676,0.06632756713834241
21,4,w2.weight,122.28352355957031,119.19046783447266,4.95455265045166,0.04051692743412005
21,4,w3.weight,62.05982208251953,60.56932830810547,4.18630313873291,0.06745593200648256
21,5,w1.weight,64.23748779296875,62.392662048339844,5.923280715942383,0.09220909657974882
21,5,w2.weight,122.3886947631836,119.15142059326172,5.846038818359375,0.04776616688061867
21,5,w3.weight,62.08522033691406,60.38819885253906,5.421356678009033,0.08732121185346853
21,6,w1.weight,64.08554077148438,62.454566955566406,3.789823532104492,0.05913695174420312
21,6,w2.weight,122.28352355957031,119.13130950927734,4.616550445556641,0.03775284119374966
21,6,w3.weight,62.05982208251953,60.50008773803711,3.74369478225708,0.06032396898075399
21,7,w1.weight,64.23748779296875,62.588199615478516,3.5485048294067383,0.05524040480604057
21,7,w2.weight,122.3886947631836,119.22207641601562,4.430032253265381,0.03619641717592667
21,7,w3.weight,62.08522033691406,60.51094436645508,3.4955148696899414,0.05630188393825436
22,0,w1.weight,64.31165313720703,62.72293472290039,4.179909706115723,0.06499459277151441
22,0,w2.weight,123.57839965820312,120.43643188476562,4.932906150817871,0.03991721987387288
22,0,w3.weight,62.489933013916016,60.972572326660156,4.119806289672852,0.06592751969753811
22,1,w1.weight,64.50501251220703,62.83560562133789,3.9171395301818848,0.060726126197410454
22,1,w2.weight,123.34441375732422,120.13689422607422,4.724694728851318,0.03830489427877091
22,1,w3.weight,62.45835494995117,60.86420440673828,3.84183931350708,0.06151041468488151
22,2,w1.weight,64.31165313720703,62.63175582885742,1.7015178203582764,0.026457379609386055
22,2,w2.weight,123.57839965820312,120.347900390625,3.2234997749328613,0.02608465382177216
22,2,w3.weight,62.489933013916016,60.85725402832031,1.6560653448104858,0.026501314130736333
22,3,w1.weight,64.50501251220703,62.65919494628906,5.954301834106445,0.0923075835847571
22,3,w2.weight,123.34441375732422,120.06047821044922,5.828912734985352,0.04725720896005461
22,3,w3.weight,62.45835494995117,60.74513244628906,5.418030738830566,0.08674629268049135
22,4,w1.weight,64.31165313720703,62.75752639770508,4.1482696533203125,0.06450261268311726
22,4,w2.weight,123.57839965820312,120.46449279785156,4.902703762054443,0.03967282126661658
22,4,w3.weight,62.489933013916016,60.99945831298828,4.0871100425720215,0.06540429546726813
22,5,w1.weight,64.50501251220703,62.71196365356445,5.818559169769287,0.09020320969115515
22,5,w2.weight,123.34441375732422,120.1085205078125,5.766482830047607,0.04675106601416836
22,5,w3.weight,62.45835494995117,60.78696060180664,5.345335006713867,0.08558238543101367
22,6,w1.weight,64.31165313720703,62.65922164916992,2.929983615875244,0.04555914010831232
22,6,w2.weight,123.57839965820312,120.37232208251953,4.0035481452941895,0.032396827895225154
22,6,w3.weight,62.489933013916016,60.8926887512207,2.8983564376831055,0.04638117370101225
22,7,w1.weight,64.50501251220703,62.83161544799805,2.495753288269043,0.03869084263485267
22,7,w2.weight,123.34441375732422,120.13153839111328,3.6958305835723877,0.02996350196161923
22,7,w3.weight,62.45835494995117,60.84325408935547,2.4547688961029053,0.039302490404524895
23,0,w1.weight,64.47015380859375,62.83180618286133,3.392580032348633,0.05262249012808088
23,0,w2.weight,123.88460540771484,120.69113159179688,4.339052200317383,0.03502495072763202
23,0,w3.weight,62.886837005615234,61.305091857910156,3.3564136028289795,0.05337227570420227
23,1,w1.weight,64.6877212524414,62.92147445678711,5.715436935424805,0.08835427844366998
23,1,w2.weight,123.91207885742188,120.66627502441406,5.70704984664917,0.04605725203929377
23,1,w3.weight,62.827491760253906,61.17021560668945,5.251267910003662,0.08358232618997612
23,2,w1.weight,64.47015380859375,62.80447006225586,2.597980499267578,0.04029741431951155
23,2,w2.weight,123.88460540771484,120.66287231445312,3.779200315475464,0.030505810653694718
23,2,w3.weight,62.886837005615234,61.2688102722168,2.5664069652557373,0.040809922830536687
23,3,w1.weight,64.6877212524414,62.8570556640625,5.845489501953125,0.09036474602562103
23,3,w2.weight,123.91207885742188,120.60432434082031,5.762118816375732,0.04650167174586593
23,3,w3.weight,62.827491760253906,61.11355209350586,5.32585334777832,0.08476947270315016
23,4,w1.weight,64.47015380859375,62.953304290771484,5.31518030166626,0.08244404561910125
23,4,w2.weight,123.88460540771484,120.86183166503906,5.48681116104126,0.04428969316230738
23,4,w3.weight,62.886837005615234,61.487701416015625,4.995781421661377,0.07944081241063561
23,5,w1.weight,64.6877212524414,63.0108528137207,3.1330504417419434,0.04843346435895127
23,5,w2.weight,123.91207885742188,120.68561553955078,4.149834632873535,0.0334901542378969
23,5,w3.weight,62.827491760253906,61.210601806640625,3.0849709510803223,0.049102245922093224
23,6,w1.weight,64.47015380859375,62.79461669921875,2.3461098670959473,0.03639063548787717
23,6,w2.weight,123.88460540771484,120.6560287475586,3.6143381595611572,0.029175038719831507
23,6,w3.weight,62.886837005615234,61.25745391845703,2.317962408065796,0.03685926210374972
23,7,w1.weight,64.6877212524414,63.007774353027344,2.4837207794189453,0.03839555222120563
23,7,w2.weight,123.91207885742188,120.6823501586914,3.7012317180633545,0.029869821830058294
23,7,w3.weight,62.827491760253906,61.20106887817383,2.4464497566223145,0.03893916004092264
24,0,w1.weight,64.45841979980469,62.777069091796875,2.149308919906616,0.033344114338854695
24,0,w2.weight,125.31122589111328,122.03750610351562,3.5234103202819824,0.028117275968104823
24,0,w3.weight,63.32537841796875,61.67643356323242,2.1219847202301025,0.03350923078934101
24,1,w1.weight,64.38404846191406,62.712005615234375,2.2643253803253174,0.035169043177903425
24,1,w2.weight,125.20339965820312,121.94143676757812,3.5896551609039307,0.028670588583883664
24,1,w3.weight,63.300662994384766,61.66127014160156,2.2416465282440186,0.03541268641124396
24,2,w1.weight,64.45841979980469,62.72923278808594,5.421728134155273,0.08411202370449078
24,2,w2.weight,125.31122589111328,121.98705291748047,5.623340129852295,0.044874990966400255
24,2,w3.weight,63.32537841796875,61.669952392578125,5.067169189453125,0.08001798514346062
24,3,w1.weight,64.38404846191406,62.72344970703125,2.671051263809204,0.04148622721960712
24,3,w2.weight,125.20339965820312,121.95308685302734,3.852090835571289,0.030766663254250346
24,3,w3.weight,63.300662994384766,61.677154541015625,2.6507489681243896,0.0418755324625824
24,4,w1.weight,64.45841979980469,62.77818298339844,3.018949031829834,0.046835604118221574
24,4,w2.weight,125.31122589111328,122.03175354003906,4.094773292541504,0.032676827342663965
24,4,w3.weight,63.32537841796875,61.68642044067383,2.9840259552001953,0.047122118015696254
24,5,w1.weight,64.38404846191406,62.734031677246094,2.874281167984009,0.044642752927912345
24,5,w2.weight,125.20339965820312,121.9630126953125,3.995746374130249,0.03191404055351801
24,5,w3.weight,63.300662994384766,61.68843460083008,2.8566670417785645,0.045128548527713315
24,6,w1.weight,64.45841979980469,62.72772216796875,5.421077251434326,0.0841019259899801
24,6,w2.weight,125.31122589111328,121.98685455322266,5.619781494140625,0.044846592587193895
24,6,w3.weight,63.32537841796875,61.669212341308594,5.06315803527832,0.07995464317417415
24,7,w1.weight,64.38404846191406,62.70574951171875,1.944132685661316,0.030195875098027177
24,7,w2.weight,125.20339965820312,121.93545532226562,3.39682674407959,0.027130467330381377
24,7,w3.weight,63.300662994384766,61.652915954589844,1.917396903038025,0.03029031312370428
3,0,w1.weight,63.91898727416992,62.25483322143555,1.8646259307861328,0.02917170640999206
3,0,w2.weight,108.20995330810547,105.3858871459961,2.9369094371795654,0.02714084377078785
3,0,w3.weight,54.51923370361328,53.10222244262695,1.6609959602355957,0.030466238195227643
3,1,w1.weight,63.59687805175781,62.130531311035156,4.582970142364502,0.07206281633250324
3,1,w2.weight,108.09424591064453,105.39482116699219,5.124431133270264,0.047407066769366214
3,1,w3.weight,54.52945327758789,53.32857894897461,4.427936553955078,0.08120265815639342
3,2,w1.weight,63.91898727416992,62.315643310546875,4.454649925231934,0.06969212303261908
3,2,w2.weight,108.20995330810547,105.3974609375,5.021743297576904,0.046407406565258214
3,2,w3.weight,54.51923370361328,53.18986129760742,4.3265156745910645,0.07935760245845574
3,3,w1.weight,63.59687805175781,62.097206115722656,4.3221659660339355,0.06796192043446389
3,3,w2.weight,108.09424591064453,105.37371826171875,4.869927883148193,0.045052609804723975
3,3,w3.weight,54.52945327758789,53.291908264160156,4.198007106781006,0.07698604798787426
3,4,w1.weight,63.91898727416992,62.39698028564453,4.5889506340026855,0.07179323124002371
3,4,w2.weight,108.20995330810547,105.4626235961914,5.13908576965332,0.047491802856811045
3,4,w3.weight,54.51923370361328,53.27265930175781,4.433995246887207,0.08132900896942102
3,5,w1.weight,63.59687805175781,61.95709228515625,2.406026840209961,0.037832467786418654
3,5,w2.weight,108.09424591064453,105.28221130371094,3.3125641345977783,0.03064514772910354
3,5,w3.weight,54.52945327758789,53.13077926635742,2.2625818252563477,0.041492838993605834
3,6,w1.weight,63.91898727416992,62.34806823730469,4.376650810241699,0.06847184220032634
3,6,w2.weight,108.20995330810547,105.43275451660156,4.942043781280518,0.045670879897794836
3,6,w3.weight,54.51923370361328,53.22001266479492,4.2722954750061035,0.07836308738732102
3,7,w1.weight,63.59687805175781,61.96030044555664,2.586042642593384,0.04066304387597003
3,7,w2.weight,108.09424591064453,105.28250122070312,3.4507460594177246,0.03192349445011376
3,7,w3.weight,54.52945327758789,53.1367301940918,2.4544873237609863,0.04501213887595969
4,0,w1.weight,62.82585906982422,61.182132720947266,1.6345207691192627,0.02601668792626682
4,0,w2.weight,108.96360778808594,106.1181640625,2.8300082683563232,0.025972049988103735
4,0,w3.weight,55.37008285522461,53.922420501708984,1.4427812099456787,0.02605705347629825
4,1,w1.weight,62.789180755615234,61.24705505371094,4.0625128746032715,0.06470084217876813
4,1,w2.weight,109.1421127319336,106.34098815917969,4.679496765136719,0.04287526279274155
4,1,w3.weight,55.39691925048828,54.063968658447266,3.9906954765319824,0.07203822036541743
4,2,w1.weight,62.82585906982422,61.27481460571289,4.399870872497559,0.07003280078681459
4,2,w2.weight,108.96360778808594,106.15115356445312,4.958983898162842,0.0455104598574517
4,2,w3.weight,55.37008285522461,54.035972595214844,4.280979156494141,0.07731574409392668
4,3,w1.weight,62.789180755615234,61.17509078979492,2.516866445541382,0.04008439694948972
4,3,w2.weight,109.1421127319336,106.30490112304688,3.421266794204712,0.03134689908933439
4,3,w3.weight,55.39691925048828,53.980594635009766,2.4013116359710693,0.04334738589185824
4,4,w1.weight,62.82585906982422,61.185340881347656,1.6631256341934204,0.026471991928435197
4,4,w2.weight,108.96360778808594,106.11743927001953,2.846078872680664,0.02611953596668472
4,4,w3.weight,55.37008285522461,53.92510223388672,1.4750430583953857,0.02663971195875097
4,5,w1.weight,62.789180755615234,61.320960998535156,4.456488132476807,0.0709754145355399
4,5,w2.weight,109.1421127319336,106.3934097290039,5.003455638885498,0.045843492613841484
4,5,w3.weight,55.39691925048828,54.139564514160156,4.338369369506836,0.07831427141083334
4,6,w1.weight,62.82585906982422,61.35149002075195,4.585708141326904,0.07299077496465758
4,6,w2.weight,108.96360778808594,106.20741271972656,5.122813701629639,0.04701398756539447
4,6,w3.weight,55.37008285522461,54.11119079589844,4.445538520812988,0.0802877346677735
4,7,w1.weight,62.789180755615234,61.33634948730469,4.592633247375488,0.07314370393285782
4,7,w2.weight,109.1421127319336,106.404296875,5.129434108734131,0.04699775348249491
4,7,w3.weight,55.39691925048828,54.16015625,4.4594407081604,0.08049979617090373
5,0,w1.weight,60.372169494628906,58.92055892944336,4.323686599731445,0.071617214288051
5,0,w2.weight,110.77833557128906,107.94573974609375,4.937906742095947,0.04457466089042489
5,0,w3.weight,56.361114501953125,55.02286148071289,4.260934829711914,0.07560061342584311
5,1,w1.weight,61.057861328125,59.66496658325195,4.583627700805664,0.0750702301243925
5,1,w2.weight,110.87632751464844,108.09597778320312,5.1636152267456055,0.04657094388397169
5,1,w3.weight,56.396156311035156,55.135101318359375,4.481959342956543,0.07947278034761154
5,2,w1.weight,60.372169494628906,58.90388107299805,4.588343620300293,0.07600097294347564
5,2,w2.weight,110.77833557128906,107.91968536376953,5.185756683349609,0.04681201118076357
5,2,w3.weight,56.361114501953125,55.00776290893555,4.5088958740234375,0.08000011912232692
5,3,w1.weight,61.057861328125,59.61595916748047,4.319754600524902,0.07074854091777742
5,3,w2.weight,110.87632751464844,108.0615005493164,4.917209625244141,0.044348597536245586
5,3,w3.weight,56.396156311035156,55.082149505615234,4.237626075744629,0.07514033496136276
5,4,w1.weight,60.372169494628906,58.79510498046875,1.5784860849380493,0.02614592283417039
5,4,w2.weight,110.77833557128906,107.88355255126953,2.881110668182373,0.02600788911770812
5,4,w3.weight,56.361114501953125,54.88843536376953,1.475734829902649,0.026183563666958412
5,5,w1.weight,61.057861328125,59.4834098815918,2.293532133102417,0.037563256937168756
5,5,w2.weight,110.87632751464844,107.9899673461914,3.323180913925171,0.02997196054753977
5,5,w3.weight,56.396156311035156,54.94496536254883,2.2177319526672363,0.039324168484745625
5,6,w1.weight,60.372169494628906,58.97313690185547,4.570978164672852,0.07571333286406809
5,6,w2.weight,110.77833557128906,107.9735336303711,5.154594421386719,0.046530708326715575
5,6,w3.weight,56.361114501953125,55.072784423828125,4.4735260009765625,0.0793725610380089
5,7,w1.weight,61.057861328125,59.463104248046875,1.597177505493164,0.0261584253157821
5,7,w2.weight,110.87632751464844,107.97791290283203,2.883516311645508,0.026006600112765513
5,7,w3.weight,56.396156311035156,54.92282485961914,1.4782145023345947,0.026211263302802837
6,0,w1.weight,60.32591247558594,58.86483383178711,4.433589935302734,0.07349395563800128
6,0,w2.weight,110.03812408447266,107.21273803710938,5.05890417098999,0.045974104094199116
6,0,w3.weight,55.376407623291016,54.0567741394043,4.353469371795654,0.07861595864814694
6,1,w1.weight,59.80429458618164,58.2431526184082,1.6071958541870117,0.026874254855910346
6,1,w2.weight,110.3693618774414,107.48651123046875,2.895237445831299,0.026232256820024575
6,1,w3.weight,55.28043746948242,53.83796691894531,1.4962421655654907,0.0270663951672138
6,2,w1.weight,60.32591247558594,58.75094223022461,1.6038562059402466,0.026586522111692965
6,2,w2.weight,110.03812408447266,107.1634521484375,2.8780357837677,0.026154896838829246
6,2,w3.weight,55.376407623291016,53.93033981323242,1.4816888570785522,0.02675668069980284
6,3,w1.weight,59.80429458618164,58.277809143066406,2.736546039581299,0.045758353284106094
6,3,w2.weight,110.3693618774414,107.50151824951172,3.6482577323913574,0.03305498618758435
6,3,w3.weight,55.28043746948242,53.87543869018555,2.670254707336426,0.048303791170438766
6,4,w1.weight,60.32591247558594,58.95862579345703,4.588347434997559,0.07605931260226523
6,4,w2.weight,110.03812408447266,107.27938079833984,5.1467180252075195,0.04677213527610218
6,4,w3.weight,55.376407623291016,54.14373779296875,4.457790851593018,0.08049982010241513
6,5,w1.weight,59.80429458618164,58.418182373046875,4.4336700439453125,0.07413631537039617
6,5,w2.weight,110.3693618774414,107.57964324951172,5.0157294273376465,0.045444943614943334
6,5,w3.weight,55.28043746948242,54.015872955322266,4.3288421630859375,0.07830694475736732
6,6,w1.weight,60.32591247558594,58.881038665771484,4.327409267425537,0.07173383857520231
6,6,w2.weight,110.03812408447266,107.2254638671875,4.945746898651123,0.04494575802523124
6,6,w3.weight,55.376407623291016,54.06938552856445,4.237523555755615,0.0765221822365606
6,7,w1.weight,59.80429458618164,58.4467658996582,4.593394756317139,0.07680710537765309
6,7,w2.weight,110.3693618774414,107.59811401367188,5.1654953956604,0.04680189599534269
6,7,w3.weight,55.28043746948242,54.04597854614258,4.473743915557861,0.08092815687335166
7,0,w1.weight,60.7379035949707,59.27213668823242,4.21978235244751,0.06947527166210675
7,0,w2.weight,111.24674987792969,108.40399932861328,4.8480329513549805,0.04357909742688799
7,0,w3.weight,56.98563003540039,55.62916564941406,4.1654133796691895,0.0730958555179875
7,1,w1.weight,60.62303924560547,59.061927795410156,2.300758123397827,0.0379518769106346
7,1,w2.weight,111.64742279052734,108.7423324584961,3.351141929626465,0.030015398885774914
7,1,w3.weight,57.09785842895508,55.63007354736328,2.247274875640869,0.03935830410236905
7,2,w1.weight,60.7379035949707,59.263404846191406,4.528472900390625,0.07455760953800063
7,2,w2.weight,111.24674987792969,108.3837890625,5.110360622406006,0.04593716785446338
7,2,w3.weight,56.98563003540039,55.618858337402344,4.4467387199401855,0.07803263238780937
7,3,w1.weight,60.62303924560547,59.15205764770508,4.550321578979492,0.07505927838003053
7,3,w2.weight,111.64742279052734,108.77562713623047,5.1327385902404785,0.04597274582746497
7,3,w3.weight,57.09785842895508,55.72992706298828,4.465094566345215,0.07820073623078003
7,4,w1.weight,60.7379035949707,59.217689514160156,3.3016245365142822,0.05435855275037206
7,4,w2.weight,111.24674987792969,108.37538146972656,4.088770389556885,0.03675406602029658
7,4,w3.weight,56.98563003540039,55.56938934326172,3.254680633544922,0.05711405895702135
7,5,w1.weight,60.62303924560547,59.223758697509766,4.634580612182617,0.07644916305509211
7,5,w2.weight,111.64742279052734,108.83084106445312,5.168972015380859,0.04629728018960928
7,5,w3.weight,57.09785842895508,55.800323486328125,4.504662990570068,0.07889372937121605
7,6,w1.weight,60.7379035949707,59.36491775512695,4.593247413635254,0.07562406902064223
7,6,w2.weight,111.24674987792969,108.45955657958984,5.113646030426025,0.04596670047472982
7,6,w3.weight,56.98563003540039,55.7125129699707,4.463742733001709,0.07833102363225047
7,7,w1.weight,60.62303924560547,59.18285369873047,4.290742874145508,0.07077742929980982
7,7,w2.weight,111.64742279052734,108.80598449707031,4.893336296081543,0.04382847515667573
7,7,w3.weight,57.09785842895508,55.7534294128418,4.2277750968933105,0.0740443724724582
8,0,w1.weight,60.02721405029297,58.464508056640625,1.7406820058822632,0.02899821411708076
8,0,w2.weight,111.68272399902344,108.76786041259766,3.00174617767334,0.026877444157787204
8,0,w3.weight,57.15248489379883,55.66490936279297,1.678822636604309,0.02937444696803438
8,1,w1.weight,60.426456451416016,58.9415397644043,3.9977705478668213,0.06615927497057578
8,1,w2.weight,111.68582153320312,108.80946350097656,4.6813883781433105,0.04191569094338028
8,1,w3.weight,57.090492248535156,55.69900894165039,3.9510793685913086,0.06920730953572427
8,2,w1.weight,60.02721405029297,58.79849624633789,4.494725227355957,0.0748781248383448
8,2,w2.weight,111.68272399902344,108.99021911621094,4.980648517608643,0.04459640971554517
8,2,w3.weight,57.15248489379883,55.990718841552734,4.34935188293457,0.0761008360531741
8,3,w1.weight,60.426456451416016,58.917320251464844,4.419957637786865,0.07314606709298797
8,3,w2.weight,111.68582153320312,108.77507781982422,5.020361423492432,0.04495074983174907
8,3,w3.weight,57.090492248535156,55.67735290527344,4.316564559936523,0.07560916695454142
8,4,w1.weight,60.02721405029297,58.468360900878906,1.872680425643921,0.031197190395591077
8,4,w2.weight,111.68272399902344,108.77013397216797,3.081075668334961,0.02758775536637049
8,4,w3.weight,57.15248489379883,55.670082092285156,1.8186774253845215,0.03182149347948684
8,5,w1.weight,60.426456451416016,59.00864791870117,4.594367027282715,0.07603237550387543
8,5,w2.weight,111.68582153320312,108.84632873535156,5.152740955352783,0.046136034857574795
8,5,w3.weight,57.090492248535156,55.768157958984375,4.4639763832092285,0.07819124003653495
8,6,w1.weight,60.02721405029297,58.49825668334961,2.617781162261963,0.0436099060014454
8,6,w2.weight,111.68272399902344,108.78559112548828,3.5818469524383545,0.03207162956080515
8,6,w3.weight,57.15248489379883,55.699302673339844,2.57863187789917,0.045118456051224325
8,7,w1.weight,60.426456451416016,58.89057922363281,2.9537034034729004,0.048880963354978185
8,7,w2.weight,111.68582153320312,108.78800201416016,3.837117910385132,0.03435635658770132
8,7,w3.weight,57.090492248535156,55.645538330078125,2.91110897064209,0.050991134530228764
9,0,w1.weight,59.91319274902344,58.356353759765625,1.8627570867538452,0.03109093342023867
9,0,w2.weight,111.63710021972656,108.7239990234375,3.0732829570770264,0.027529225956497407
9,0,w3.weight,57.24081802368164,55.7538948059082,1.8091517686843872,0.03160597334468341
9,1,w1.weight,59.6969108581543,58.32059097290039,4.59979772567749,0.07705252515673688
9,1,w2.weight,112.3509750366211,109.51077270507812,5.155473232269287,0.04588721397912925
9,1,w3.weight,57.32242202758789,56.01299285888672,4.471103191375732,0.07799920228813466
9,2,w1.weight,59.91319274902344,58.5053825378418,4.631505489349365,0.07730360003932155
9,2,w2.weight,111.63710021972656,108.79570770263672,5.170830249786377,0.04631820639920771
9,2,w3.weight,57.24081802368164,55.907413482666016,4.521707534790039,0.07899446043764156
9,3,w1.weight,59.6969108581543,58.13795471191406,1.5788567066192627,0.026447879528821085
9,3,w2.weight,112.3509750366211,109.41526794433594,2.931117534637451,0.026088937222681154
9,3,w3.weight,57.32242202758789,55.8253059387207,1.520033359527588,0.026517256350333664
9,4,w1.weight,59.91319274902344,58.348575592041016,1.5783958435058594,0.026344712593063407
9,4,w2.weight,111.63710021972656,108.71965789794922,2.909574270248413,0.026062789740343487
9,4,w3.weight,57.24081802368164,55.745887756347656,1.5125658512115479,0.026424602293170295
9,5,w1.weight,59.6969108581543,58.240840911865234,4.500219821929932,0.07538446725698787
9,5,w2.weight,112.3509750366211,109.44925689697266,5.091113090515137,0.045314364996437546
9,5,w3.weight,57.32242202758789,55.93705749511719,4.3950886726379395,0.07667311528676533
9,6,w1.weight,59.91319274902344,58.56550598144531,4.6228766441345215,0.07715957758251492
9,6,w2.weight,111.63710021972656,108.84413146972656,5.167719841003418,0.046290344615115886
9,6,w3.weight,57.24081802368164,55.963314056396484,4.515192031860352,0.07888063427032524
9,7,w1.weight,59.6969108581543,58.16606521606445,2.444396495819092,0.040946783689145595
9,7,w2.weight,112.3509750366211,109.4312515258789,3.481647253036499,0.030989025701838514
9,7,w3.weight,57.32242202758789,55.85456085205078,2.4106762409210205,0.0420546821933096
