layer,param,num_experts,experts,mean_pair_cos,min_pair_cos,max_pair_cos,mean_pair_rel_l2,min_pair_rel_l2,max_pair_rel_l2,mean_paired_cos_01_23_45_67,mean_paired_rel_l2_01_23_45_67,mean_weight_norm
0,w1.weight,8,"0,1,2,3,4,5,6,7",0.43689194281718563,0.015119656920433044,1.00007164478302,0.8214191450017114,0.021646777730365687,1.4034915243082977,0.015206446638330817,1.4034286153352062,59.77720403671265
0,w2.weight,8,"0,1,2,3,4,5,6,7",0.4285257825295048,-4.979555160389282e-05,1.0002455711364746,0.8193379434564794,0.012668462164908375,1.41424628366853,-3.661378468677867e-05,1.4142378062526437,103.52066612243652
0,w3.weight,8,"0,1,2,3,4,5,6,7",0.4284577938254058,0.0007471386343240738,0.9999769926071167,0.8309445693319678,0.026447552678465353,1.4136816593026982,0.0007858821627451107,1.4136533278034022,50.04558277130127
1,w1.weight,8,"0,1,2,3,4,5,6,7",0.434882915412475,0.01182985957711935,1.0003337860107422,0.8227274815036294,0.0,1.405830254264081,0.011870786314830184,1.4057996284339769,60.17133188247681
1,w2.weight,8,"0,1,2,3,4,5,6,7",0.4283928839369245,-0.00023833091836422682,1.0003225803375244,0.8190936545177185,0.0,1.4143870203391427,-0.00022242847990128212,1.414365071520764,106.1285285949707
1,w3.weight,8,"0,1,2,3,4,5,6,7",0.42811800610486117,0.0002575511171016842,1.0003340244293213,0.8297801350823583,0.0,1.4140424019870308,0.0002917964811786078,1.4140069039037235,52.404534339904785
2,w1.weight,8,"0,1,2,3,4,5,6,7",0.4330347028361367,0.008173761889338493,1.0003234148025513,0.8171238410970544,0.0,1.4084509648186532,0.008190640481188893,1.4084500733894676,61.07887268066406
2,w2.weight,8,"0,1,2,3,4,5,6,7",0.4285022272602613,-0.0001768233341863379,1.0003284215927124,0.8151963896543734,0.0,1.4143410287805456,-0.00016670104378135875,1.414324597788942,106.67409133911133
2,w3.weight,8,"0,1,2,3,4,5,6,7",0.4284818764800938,0.00031160921207629144,1.0003398656845093,0.8216878062387959,0.0,1.4139990400459466,0.0003572400673874654,1.4139604821006215,53.42546844482422
3,w1.weight,8,"0,1,2,3,4,5,6,7",0.4327667828183621,0.008304682560265064,0.9997991919517517,0.8290967863730169,0.03115214689645954,1.4083456109922887,0.008389159804210067,1.4082840144281286,62.13927173614502
3,w2.weight,8,"0,1,2,3,4,5,6,7",0.42859945993820603,0.0002286246162839234,1.0001592636108398,0.8223892314295924,0.018431166650214666,1.414055358754956,0.00024282633603434078,1.4140417630483577,105.36284351348877
3,w3.weight,8,"0,1,2,3,4,5,6,7",0.4282096628033157,0.0007598932133987546,0.9996518492698669,0.83597691312056,0.03668919756502381,1.4136720554703388,0.0008084659493761137,1.4136417084562438,53.1518931388855
4,w1.weight,8,"0,1,2,3,4,5,6,7",0.43215778483343975,0.006970805115997791,1.0003185272216797,0.8254686749420872,0.0,1.4092833160220428,0.00702931999694556,1.409241778450388,61.16161251068115
4,w2.weight,8,"0,1,2,3,4,5,6,7",0.42841557889343157,-0.00020847977430094033,1.0003349781036377,0.8197735791751598,0.0,1.414363540206058,-0.00019586116468417458,1.41435257890721,106.19523334503174
4,w3.weight,8,"0,1,2,3,4,5,6,7",0.42808354848862756,9.62627018452622e-05,1.0003377199172974,0.8306225179124874,0.0,1.4141465805289617,0.00012125451758038253,1.4141305926153604,53.93505239486694
5,w1.weight,8,"0,1,2,3,4,5,6,7",0.431849851289631,0.006638469640165567,0.9999479055404663,0.8289282764781551,0.02692508370475494,1.4095443587746417,0.0066971860360354185,1.4094997993291003,59.183589458465576
5,w2.weight,8,"0,1,2,3,4,5,6,7",0.42840576478192816,-0.00019306421745568514,1.0002151727676392,0.8210314865138796,0.014656297351323426,1.4143519682345944,-0.00017821171059040353,1.4143388195188549,107.97794532775879
5,w3.weight,8,"0,1,2,3,4,5,6,7",0.42814595560048474,0.0003297709336038679,0.9998948574066162,0.8330489288693389,0.02913350701513859,1.4139906104166284,0.0003676850610645488,1.413953270734348,54.96140098571777
6,w1.weight,8,"0,1,2,3,4,5,6,7",0.4316956452759249,0.005958015099167824,1.0003467798233032,0.8215413475880514,0.0,1.4100210067941825,0.0059909053379669785,1.4099942185335155,58.56931829452515
6,w2.weight,8,"0,1,2,3,4,5,6,7",0.42905634091169176,0.0008126597385853529,1.000335931777954,0.8162615712668762,0.0,1.4136471165047686,0.0008189080690499395,1.4136335069649077,107.39505290985107
6,w3.weight,8,"0,1,2,3,4,5,6,7",0.4277055929705966,-0.0009653552551753819,1.0003410577774048,0.8252149434081394,0.0,1.4148890875983808,-0.0009114603890338913,1.414860403000223,53.95649862289429
7,w1.weight,8,"0,1,2,3,4,5,6,7",0.4312937944861395,0.005728940945118666,0.999573826789856,0.830539016106086,0.03849160071781837,1.41016789646731,0.005815288634039462,1.4101040361858226,59.158430099487305
7,w2.weight,8,"0,1,2,3,4,5,6,7",0.42841443823480013,-0.00015859749692026526,1.0000991821289062,0.821548700300763,0.02121146217942214,1.41433114369745,-0.00014587378245778382,1.4143210002347388,108.58744716644287
7,w3.weight,8,"0,1,2,3,4,5,6,7",0.42754733198255834,-0.0006751641631126404,0.9994650483131409,0.8343953647075193,0.04128159405728418,1.4146867245460535,-0.000614056465565227,1.4146464761653381,55.615917682647705
8,w1.weight,8,"0,1,2,3,4,5,6,7",0.4313404208348532,0.005728533957153559,1.000254511833191,0.8280070047923779,0.01008388651709543,1.4101598727879407,0.005849384004250169,1.4100803238155142,58.70015859603882
8,w2.weight,8,"0,1,2,3,4,5,6,7",0.42838793900591554,-0.00021698439377360046,1.0002994537353516,0.8200923187601077,0.005420573222239506,1.414370026747088,-0.00020749068426084705,1.4143593774738985,108.8027572631836
8,w3.weight,8,"0,1,2,3,4,5,6,7",0.42780384050794446,-0.0003131814009975642,1.000256896018982,0.8313163868381278,0.010646416222121612,1.414437413910435,-0.00024845058214850724,1.4143934545527435,55.67512226104736
9,w1.weight,8,"0,1,2,3,4,5,6,7",0.4314625360504059,0.005667941179126501,1.0003244876861572,0.824653532602422,0.0015757714526084842,1.4102231792306432,0.00579108064994216,1.4101247476211383,58.31111526489258
9,w2.weight,8,"0,1,2,3,4,5,6,7",0.42875029213298277,0.00033028057077899575,1.0003209114074707,0.8179076259047766,0.001125534299384829,1.4139930101059284,0.00033850964973680675,1.4139811574626502,109.1286392211914
9,w3.weight,8,"0,1,2,3,4,5,6,7",0.42809942058244943,-0.00014852015010546893,1.0003207921981812,0.8273865633925002,0.0016963768981669472,1.4143266430357129,-5.787930376754957e-05,1.414254460325473,55.85157251358032
10,w1.weight,8,"0,1,2,3,4,5,6,7",0.431730525751066,0.006183788646012545,1.0003422498703003,0.8240038333432624,0.0,1.4098450414760413,0.00632059876807034,1.4097472801299857,58.68059682846069
10,w2.weight,8,"0,1,2,3,4,5,6,7",0.42829727870204287,-0.00045069438056088984,1.0003283023834229,0.8178426301878866,0.0,1.414538296876051,-0.00044340347085380927,1.4145228435110027,110.74496269226074
10,w3.weight,8,"0,1,2,3,4,5,6,7",0.42796247968778645,-0.00029172905487939715,1.0003248453140259,0.8267710029901,0.0,1.4144245842606684,-0.0002522699833207298,1.4143841509833313,56.8768630027771
11,w1.weight,8,"0,1,2,3,4,5,6,7",0.4321063128300011,0.007144901901483536,1.000135898590088,0.8299017284733489,0.01882843741004123,1.4091501092300482,0.007285036146640778,1.4090573657108492,58.51444101333618
11,w2.weight,8,"0,1,2,3,4,5,6,7",0.42871576170104425,0.0003610946878325194,1.0002658367156982,0.8208530699749002,0.009948316180610883,1.4139627111686888,0.0003764642242458649,1.4139469843049084,111.12822151184082
11,w3.weight,8,"0,1,2,3,4,5,6,7",0.427852811611956,-0.0001629939943086356,1.0001243352890015,0.8331270741076328,0.019509855228366964,1.4143329316931494,-0.00013429875252768397,1.4143108803652278,57.123671531677246
12,w1.weight,8,"0,1,2,3,4,5,6,7",0.43141459522303194,0.0057043349370360374,1.0003254413604736,0.8295552610620877,0.0024539472095293723,1.4101854897147665,0.006047094706445932,1.4099425130064034,58.92195653915405
12,w2.weight,8,"0,1,2,3,4,5,6,7",0.4279310899562136,-0.0010194397764280438,1.0002976655960083,0.8209717855630173,0.0015396706772030566,1.4149509339628525,-0.0010011091362684965,1.4149298589554136,111.75468826293945
12,w3.weight,8,"0,1,2,3,4,5,6,7",0.42792964356291513,-2.5329818527097814e-05,1.0003114938735962,0.8322102522130306,0.0025724238529910835,1.4142518955366092,-1.619816816855746e-05,1.4142321019178747,57.61856269836426
13,w1.weight,8,"0,1,2,3,4,5,6,7",0.43267217699238764,0.00743403285741806,1.0003217458724976,0.8181113888333922,0.0013617624397750383,1.4090252699790526,0.007532142801210284,1.408942587989713,59.19211292266846
13,w2.weight,8,"0,1,2,3,4,5,6,7",0.4288258401190563,0.0003628718259278685,1.000317931175232,0.8149004314068317,0.0007113453617387082,1.4139632408116891,0.00036914844531565905,1.4139542044238111,112.60531425476074
13,w3.weight,8,"0,1,2,3,4,5,6,7",0.4277794185784712,-0.0010445485822856426,1.0003055334091187,0.8216816707247802,0.0014068671534739835,1.414951533992748,-0.0010179707605857402,1.414931888474078,57.96280002593994
14,w1.weight,8,"0,1,2,3,4,5,6,7",0.43334664005254,0.008467243984341621,1.0003303289413452,0.8141363029480394,0.0,1.4082153887485793,0.008668061811476946,1.4080794832094932,59.7646541595459
14,w2.weight,8,"0,1,2,3,4,5,6,7",0.4283275344558725,-0.0005309266853146255,1.0003330707550049,0.8132000490824053,0.0,1.4145968055036642,-0.0005258776218397543,1.4145806724790921,113.04347801208496
14,w3.weight,8,"0,1,2,3,4,5,6,7",0.42815631102504476,-0.00046367396134883165,1.000322699546814,0.8177353099344681,0.0,1.41455079017181,-0.0004192161140963435,1.4145119496827259,58.17287540435791
15,w1.weight,8,"0,1,2,3,4,5,6,7",0.43341659295505713,0.009060858748853207,1.0000823736190796,0.8275012324189686,0.021164858735755063,1.4078130693607445,0.009445848874747753,1.4075353564543054,60.477169036865234
15,w2.weight,8,"0,1,2,3,4,5,6,7",0.42903196873833493,0.0008815316832624376,1.0002418756484985,0.8197553363603971,0.011244662398863894,1.4135930132504249,0.000896092111361213,1.4135772400946758,113.86752700805664
15,w3.weight,8,"0,1,2,3,4,5,6,7",0.42796832793601425,-0.00011094922956544906,1.000070333480835,0.8316304650709622,0.022059547436804067,1.4142933219808216,-6.657569520029938e-05,1.4142638275751884,58.42746591567993
16,w1.weight,8,"0,1,2,3,4,5,6,7",0.4336343071689563,0.008987044915556908,1.0002939701080322,0.8197325231751087,0.005509004536503068,1.4078534458043879,0.009371015476062894,1.4075807773621745,60.92417001724243
16,w2.weight,8,"0,1,2,3,4,5,6,7",0.42824658219719175,-0.0006116824806667864,1.000303864479065,0.8165062916911261,0.003376180034759995,1.414642113948808,-0.0006009729841025546,1.414633210191845,114.5094861984253
16,w3.weight,8,"0,1,2,3,4,5,6,7",0.42858783952916774,0.0005177987040951848,1.0002878904342651,0.8235649741637927,0.00601597490673125,1.4138515267949192,0.0005432528705568984,1.4138314422123581,58.6279501914978
17,w1.weight,8,"0,1,2,3,4,5,6,7",0.43353160058281254,0.00924091599881649,1.000321388244629,0.8194691034159038,0.0,1.4076824896368703,0.009355240035802126,1.4075956928133322,61.03797006607056
17,w2.weight,8,"0,1,2,3,4,5,6,7",0.4284427396918805,-0.0002635889104567468,1.0003222227096558,0.8156039936850817,0.0,1.414407667543213,-0.00024649767874507234,1.4143903024647673,115.95651245117188
17,w3.weight,8,"0,1,2,3,4,5,6,7",0.4283269392175758,0.0001798572629923001,1.0003174543380737,0.8228696501986962,0.0,1.4140971596120124,0.00021265827672323212,1.414066457507563,59.3522253036499
18,w1.weight,8,"0,1,2,3,4,5,6,7",0.4331376312433609,0.008475822396576405,1.000022292137146,0.8290716928399163,0.02309025446767276,1.4082340243885767,0.009105791803449392,1.4077889193238067,61.37676954269409
18,w2.weight,8,"0,1,2,3,4,5,6,7",0.4285920857614006,0.00011833636381197721,1.0002249479293823,0.8202971087332129,0.012296226037719285,1.4141312089002387,0.00013686903912457637,1.4141153000382936,116.2961015701294
18,w3.weight,8,"0,1,2,3,4,5,6,7",0.42803250077797983,8.292520215036348e-05,1.0000061988830566,0.8323644160929922,0.024171061933619033,1.414154991665687,0.00012062351925123949,1.4141281966078876,59.38583326339722
19,w1.weight,8,"0,1,2,3,4,5,6,7",0.43352841013776405,0.009254071861505508,0.9999510049819946,0.830926655331775,0.025755741098170488,1.4076649868053297,0.010032223537564278,1.4071084216179102,61.74725580215454
19,w2.weight,8,"0,1,2,3,4,5,6,7",0.42873050102727056,0.00039564521284773946,1.0002062320709229,0.8210799084789837,0.013672570019819018,1.4139352139878754,0.0004204817450954579,1.4139138275448158,116.9187479019165
19,w3.weight,8,"0,1,2,3,4,5,6,7",0.4274392324982078,-0.0007231197669170797,0.9999275207519531,0.8349563654978248,0.027150069392867127,1.4147252386337608,-0.0006949279922991991,1.4147069245026656,59.573750495910645
20,w1.weight,8,"0,1,2,3,4,5,6,7",0.43232708279642146,0.007034349720925093,0.9999428391456604,0.8278345785023278,0.02586950320890415,1.4092335457506369,0.007551541086286306,1.4088678101097099,61.96547842025757
20,w2.weight,8,"0,1,2,3,4,5,6,7",0.4286682229202207,0.00022605422418564558,1.0002037286758423,0.8195370258389479,0.013588801788339972,1.414055730810374,0.000246103634708561,1.4140410566721409,118.28751373291016
20,w3.weight,8,"0,1,2,3,4,5,6,7",0.42748051325699116,-0.0009699970250949264,0.9999218583106995,0.8314671642585424,0.02705008107113793,1.4148958464897037,-0.0009343056590296328,1.41487455922812,60.034226417541504
21,w1.weight,8,"0,1,2,3,4,5,6,7",0.432000865860443,0.00647764140740037,1.0002548694610596,0.8244610016805138,0.008375242530618974,1.4096473512628782,0.006812418578192592,1.4093955380547292,62.45828199386597
21,w2.weight,8,"0,1,2,3,4,5,6,7",0.4293430422549136,0.0013303650775924325,1.0002930164337158,0.8167067132638431,0.004353935505558398,1.4132744710644622,0.0013539464271161705,1.413253916541316,119.16219329833984
21,w3.weight,8,"0,1,2,3,4,5,6,7",0.4285071680871105,0.0006083407788537443,1.0002565383911133,0.8265974088396701,0.008867990322302144,1.4137876117097714,0.0006249437719816342,1.4137710506472847,60.44363594055176
22,w1.weight,8,"0,1,2,3,4,5,6,7",0.4316640571258696,0.005887572653591633,1.0001614093780518,0.8264681537553354,0.015333386408191707,1.4100465842061274,0.006309415097348392,1.409749869818628,62.70208787918091
22,w2.weight,8,"0,1,2,3,4,5,6,7",0.4285131536431176,-9.929217776516452e-05,1.0002455711364746,0.8181981896469873,0.008235427656242016,1.4142783929480252,-7.002849997661542e-05,1.4142589694944796,120.26717567443848
22,w3.weight,8,"0,1,2,3,4,5,6,7",0.42788471421954455,-0.0004011948767583817,1.0001506805419922,0.8288126682538692,0.015973986307899292,1.414499344643595,-0.0003681362359202467,1.4144710830649445,60.842307567596436
23,w1.weight,8,"0,1,2,3,4,5,6,7",0.43312212229440256,0.00880558229982853,0.999697744846344,0.8294430337515337,0.03397905872816945,1.4079806066869285,0.009150340687483549,1.4077332070198123,62.87801742553711
23,w2.weight,8,"0,1,2,3,4,5,6,7",0.4290259237085203,0.0008849975420162082,1.0001394748687744,0.8198309942679242,0.017503955099022687,1.4135831119116928,0.0008979031117632985,1.413574653587229,120.71284866333008
23,w3.weight,8,"0,1,2,3,4,5,6,7",0.42841714359279387,0.0008222646429203451,0.9996901154518127,0.8325262371091375,0.034559678771401564,1.4136407599609906,0.0008668352238601074,1.4136033445263507,61.24823045730591
24,w1.weight,8,"0,1,2,3,4,5,6,7",0.43444661796092987,0.010556094348430634,1.0003080368041992,0.816131093774849,0.0,1.406737096977554,0.010730757843703032,1.4066106801446217,62.73607778549194
24,w2.weight,8,"0,1,2,3,4,5,6,7",0.4285883843798989,-7.509355782531202e-05,1.0003132820129395,0.8137568449041014,0.0,1.41427407347021,-6.268649667617865e-05,1.414255261547972,122.00591850280762
24,w3.weight,8,"0,1,2,3,4,5,6,7",0.4286626371467719,0.0004982076352462173,1.0003037452697754,0.8196495028749133,0.0,1.4138729284266383,0.0005288991669658571,1.4138391609664704,61.66800928115845
