layer,mode,router_weight_shape,active_top1,active_top2,top1_eff_num,top2_eff_num,top1_dominant_expert,top1_dominant_frac,top2_dominant_expert,top2_dominant_frac,expert_entropy_length_corr,shortest_experts,longest_experts,shortest_mean_entropy,longest_mean_entropy,shortest_mean_length,longest_mean_length,top1_counts,top2_counts,expert_count,expert_mean_entropy,expert_mean_length
0,length_entropy_log,"(8, 2)",1,3,1.0,2.7122696274682045,0,1.0,0,0.5,,0,0,2.0,2.0,8.5,8.5,"[2576, 0, 0, 0, 0, 0, 0, 0]","[2576, 0, 768, 0, 0, 1808, 0, 0]","[2576, 0, 0, 0, 0, 0, 0, 0]","[2.0, None, None, None, None, None, None, None]","[8.5, None, None, None, None, None, None, None]"
1,length_entropy_log,"(8, 2)",2,2,1.3151179029448463,2.0,7,0.921972049689441,6,0.5,-0.9999999999999999,6,7,2.300995111465454,1.974526286125183,1.1990050077438354,9.117895126342773,"[0, 0, 0, 0, 0, 0, 201, 2375]","[0, 0, 0, 0, 0, 0, 2576, 2576]","[0, 0, 0, 0, 0, 0, 201, 2375]","[None, None, None, None, None, None, 2.300995111465454, 1.974526286125183]","[None, None, None, None, None, None, 1.1990050077438354, 9.117895126342773]"
2,length_entropy_log,"(8, 2)",1,2,1.0,2.0,5,1.0,5,0.5,,5,5,2.0,2.0,8.5,8.5,"[0, 0, 0, 0, 0, 2576, 0, 0]","[0, 0, 0, 0, 0, 2576, 2576, 0]","[0, 0, 0, 0, 0, 2576, 0, 0]","[None, None, None, None, None, 2.0, None, None]","[None, None, None, None, None, 8.5, None, None]"
3,length_entropy_log,"(8, 2)",4,5,2.2525248693365256,3.9548681024157695,2,0.7053571428571429,2,0.421972049689441,-0.5279248194504219,1,6,2.137500047683716,0.6699295043945312,1.0,11.837742805480957,"[0, 150, 1817, 42, 0, 0, 567, 0]","[0, 311, 2174, 476, 1546, 0, 645, 0]","[0, 150, 1817, 42, 0, 0, 567, 0]","[None, 2.137500047683716, 2.445143222808838, 0.2071428745985031, None, None, 0.6699295043945312, None]","[None, 1.0, 8.185470581054688, 3.8333332538604736, None, None, 11.837742805480957, None]"
4,length_entropy_log,"(8, 2)",1,4,1.0,2.2971173427068194,2,1.0,2,0.5,,2,2,2.0,2.0,8.5,8.5,"[0, 0, 2576, 0, 0, 0, 0, 0]","[0, 0, 2576, 0, 0, 76, 2415, 85]","[0, 0, 2576, 0, 0, 0, 0, 0]","[None, None, 2.0, None, None, None, None, None]","[None, None, 8.5, None, None, None, None, None]"
5,length_entropy_log,"(8, 2)",4,4,1.732239752148741,3.230855675734859,3,0.859083850931677,3,0.4701086956521739,-0.3757316231824539,1,3,2.7543885707855225,1.8995029926300049,1.3670213222503662,9.511523246765137,"[0, 188, 108, 2213, 0, 0, 67, 0]","[0, 256, 1558, 2422, 0, 0, 916, 0]","[0, 188, 108, 2213, 0, 0, 67, 0]","[None, 2.7543885707855225, 3.723611354827881, 1.8995029926300049, None, None, 0.42425376176834106, None]","[None, 1.3670213222503662, 4.601851940155029, 9.511523246765137, None, None, 1.3880597352981567, None]"
6,length_entropy_log,"(8, 2)",3,3,1.9140137263116932,2.7775587799926473,7,0.7837732919254659,7,0.49728260869565216,-0.06972061963303965,4,5,0.8751633763313293,0.39164605736732483,1.5032680034637451,10.84900951385498,"[0, 0, 0, 0, 153, 404, 0, 2019]","[0, 0, 0, 0, 1658, 932, 0, 2562]","[0, 0, 0, 0, 153, 404, 0, 2019]","[None, None, None, None, 0.8751633763313293, 0.39164605736732483, None, 2.4070703983306885]","[None, None, None, None, 1.5032680034637451, 10.84900951385498, None, 8.560178756713867]"
7,length_entropy_log,"(8, 2)",5,5,3.252618497489258,4.383696669477801,3,0.6114130434782609,3,0.3878105590062112,-0.19493018242665347,6,7,0.959482729434967,0.3755384683609009,1.8472906351089478,11.80923080444336,"[0, 0, 125, 1575, 0, 348, 203, 325]","[0, 0, 907, 1998, 0, 1063, 824, 360]","[0, 0, 125, 1575, 0, 348, 203, 325]","[None, None, 0.4844000041484833, 2.317857027053833, None, 3.2298851013183594, 0.959482729434967, 0.3755384683609009]","[None, None, 6.168000221252441, 10.077460289001465, None, 2.9885058403015137, 1.8472906351089478, 11.80923080444336]"
8,length_entropy_log,"(8, 2)",2,3,1.9184701180112773,2.040108457581537,2,0.6432453416149069,5,0.5,-1.0,2,5,2.7090675830841064,0.7215179800987244,8.132166862487793,9.16322135925293,"[0, 0, 1657, 0, 0, 919, 0, 0]","[0, 0, 2559, 17, 0, 2576, 0, 0]","[0, 0, 1657, 0, 0, 919, 0, 0]","[None, None, 2.7090675830841064, None, None, 0.7215179800987244, None, None]","[None, None, 8.132166862487793, None, None, 9.16322135925293, None, None]"
9,length_entropy_log,"(8, 2)",3,3,1.5520198276198556,2.4835348330182407,6,0.8536490683229814,6,0.5,-0.8589589573768813,1,6,0.16249999403953552,1.8367666006088257,1.0,9.512505531311035,"[0, 14, 0, 0, 0, 363, 2199, 0]","[0, 402, 0, 0, 0, 2174, 2576, 0]","[0, 14, 0, 0, 0, 363, 2199, 0]","[None, 0.16249999403953552, None, None, None, 3.0597105026245117, 1.8367666006088257, None]","[None, 1.0, None, None, None, 2.6556472778320312, 9.512505531311035, None]"
10,length_entropy_log,"(8, 2)",3,3,1.8627023887922247,2.855747209354523,7,0.7717391304347826,7,0.4706909937888199,-0.5309068980751522,6,4,0.22118055820465088,0.5750000476837158,2.3611111640930176,11.550387382507324,"[0, 0, 0, 0, 516, 0, 72, 1988]","[0, 0, 0, 0, 1113, 0, 1614, 2425]","[0, 0, 0, 0, 516, 0, 72, 1988]","[None, None, None, None, 0.5750000476837158, None, 0.22118055820465088, 2.434293270111084]","[None, None, None, None, 11.550387382507324, None, 2.3611111640930176, 7.930583477020264]"
11,length_entropy_log,"(8, 2)",2,2,1.1407111759621618,2.0,1,0.9708850931677019,1,0.5,-0.9999999999999999,3,1,3.075000047683716,1.9677629470825195,1.0,8.724909782409668,"[0, 2501, 0, 75, 0, 0, 0, 0]","[0, 2576, 0, 2576, 0, 0, 0, 0]","[0, 2501, 0, 75, 0, 0, 0, 0]","[None, 1.9677629470825195, None, 3.075000047683716, None, None, None, None]","[None, 8.724909782409668, None, 1.0, None, None, None, None]"
12,length_entropy_log,"(8, 2)",3,4,2.050856299537253,3.305519500449493,5,0.5232919254658385,4,0.35403726708074534,-0.9020868013984584,6,4,0.1875,1.0896587371826172,1.0,10.256579399108887,"[0, 0, 0, 0, 1216, 1348, 12, 0]","[0, 0, 0, 156, 1824, 1750, 1422, 0]","[0, 0, 0, 0, 1216, 1348, 12, 0]","[None, None, None, None, 1.0896587371826172, 2.8373329639434814, 0.1875, None]","[None, None, None, None, 10.256579399108887, 6.982195854187012, 1.0, None]"
13,length_entropy_log,"(8, 2)",3,3,1.9900816051097212,2.827638972033531,2,0.7278726708074534,2,0.5,-0.37781568124066883,5,4,3.2704544067382812,0.4730832576751709,1.204545497894287,9.022838592529297,"[0, 0, 1875, 0, 613, 88, 0, 0]","[0, 0, 2576, 0, 1331, 1245, 0, 0]","[0, 0, 1875, 0, 613, 88, 0, 0]","[None, None, 2.4395735263824463, None, 0.4730832576751709, 3.2704544067382812, None, None]","[None, None, 8.671466827392578, None, 9.022838592529297, 1.204545497894287, None, None]"
14,length_entropy_log,"(8, 2)",2,3,1.1233749219353075,2.6748681213274916,2,0.9751552795031055,2,0.5,-1.0,3,2,3.471484422683716,1.9625099897384644,1.203125,8.685907363891602,"[0, 0, 2512, 64, 0, 0, 0, 0]","[0, 0, 2576, 691, 1885, 0, 0, 0]","[0, 0, 2512, 64, 0, 0, 0, 0]","[None, None, 1.9625099897384644, 3.471484422683716, None, None, None, None]","[None, None, 8.685907363891602, 1.203125, None, None, None, None]"
15,length_entropy_log,"(8, 2)",2,3,1.4296714288442534,2.5228045237655605,5,0.8847049689440993,5,0.5,-1.0,4,5,3.109006643295288,1.8554738759994507,2.36026930809021,9.300131797790527,"[0, 0, 0, 0, 297, 2279, 0, 0]","[0, 0, 0, 0, 452, 2576, 0, 2124]","[0, 0, 0, 0, 297, 2279, 0, 0]","[None, None, None, None, 3.109006643295288, 1.8554738759994507, None, None]","[None, None, None, None, 2.36026930809021, 9.300131797790527, None, None]"
16,length_entropy_log,"(8, 2)",4,4,3.2810066134144593,3.131097883635904,3,0.42701863354037267,1,0.42701863354037267,-0.23082088517517324,7,3,0.6152439117431641,1.0590908527374268,2.02439022064209,10.32090950012207,"[0, 934, 0, 1100, 0, 0, 378, 164]","[0, 2200, 0, 2099, 0, 0, 453, 400]","[0, 934, 0, 1100, 0, 0, 378, 164]","[None, 2.8892667293548584, None, 1.0590908527374268, None, None, 3.1416003704071045, 0.6152439117431641]","[None, 9.739829063415527, None, 10.32090950012207, None, None, 2.947089910507202, 2.02439022064209]"
17,length_entropy_log,"(8, 2)",1,2,1.0,2.0,3,1.0,3,0.5,,3,3,2.0,2.0,8.5,8.5,"[0, 0, 0, 2576, 0, 0, 0, 0]","[0, 0, 0, 2576, 0, 0, 0, 2576]","[0, 0, 0, 2576, 0, 0, 0, 0]","[None, None, None, 2.0, None, None, None, None]","[None, None, None, 8.5, None, None, None, None]"
18,length_entropy_log,"(8, 2)",2,3,1.750255483609622,2.8261553917833835,0,0.7523291925465838,0,0.5,-0.9999999999999999,5,0,2.8878917694091797,1.7077012062072754,3.7225704193115234,10.072755813598633,"[1938, 0, 0, 0, 0, 638, 0, 0]","[2576, 0, 1361, 0, 0, 1215, 0, 0]","[1938, 0, 0, 0, 0, 638, 0, 0]","[1.7077012062072754, None, None, None, None, 2.8878917694091797, None, None]","[10.072755813598633, None, None, None, None, 3.7225704193115234, None, None]"
19,length_entropy_log,"(8, 2)",1,3,1.0,2.2631783428220245,2,1.0,2,0.5,,2,2,2.0,2.0,8.5,8.5,"[0, 0, 2576, 0, 0, 0, 0, 0]","[2402, 174, 2576, 0, 0, 0, 0, 0]","[0, 0, 2576, 0, 0, 0, 0, 0]","[None, None, 2.0, None, None, None, None, None]","[None, None, 8.5, None, None, None, None, None]"
20,length_entropy_log,"(8, 2)",1,2,1.0,2.0,2,1.0,0,0.5,,2,2,2.0,2.0,8.5,8.5,"[0, 0, 2576, 0, 0, 0, 0, 0]","[2576, 0, 2576, 0, 0, 0, 0, 0]","[0, 0, 2576, 0, 0, 0, 0, 0]","[None, None, 2.0, None, None, None, None, None]","[None, None, 8.5, None, None, None, None, None]"
21,length_entropy_log,"(8, 2)",1,3,1.0,2.003439988751579,5,1.0,5,0.5,,5,5,2.0,2.0,8.5,8.5,"[0, 0, 0, 0, 0, 2576, 0, 0]","[0, 0, 1, 2575, 0, 2576, 0, 0]","[0, 0, 0, 0, 0, 2576, 0, 0]","[None, None, None, None, None, 2.0, None, None]","[None, None, None, None, None, 8.5, None, None]"
22,length_entropy_log,"(8, 2)",2,2,1.540975410030293,2.0,5,0.844332298136646,3,0.5,-0.9999999999999998,3,5,3.1863467693328857,1.781275987625122,3.2493765354156494,9.468046188354492,"[0, 0, 0, 401, 0, 2175, 0, 0]","[0, 0, 0, 2576, 0, 2576, 0, 0]","[0, 0, 0, 401, 0, 2175, 0, 0]","[None, None, None, 3.1863467693328857, None, 1.781275987625122, None, None]","[None, None, None, 3.2493765354156494, None, 9.468046188354492, None, None]"
23,length_entropy_log,"(8, 2)",1,2,1.0,2.0,1,1.0,1,0.5,,1,1,2.0,2.0,8.5,8.5,"[0, 2576, 0, 0, 0, 0, 0, 0]","[0, 2576, 0, 2576, 0, 0, 0, 0]","[0, 2576, 0, 0, 0, 0, 0, 0]","[None, 2.0, None, None, None, None, None, None]","[None, 8.5, None, None, None, None, None, None]"
24,length_entropy_log,"(8, 2)",2,2,1.9488201084516066,2.0,2,0.6133540372670807,2,0.5,-1.0,2,6,2.7772152423858643,0.7670682668685913,8.381645202636719,8.687750816345215,"[0, 0, 1580, 0, 0, 0, 996, 0]","[0, 0, 2576, 0, 0, 0, 2576, 0]","[0, 0, 1580, 0, 0, 0, 996, 0]","[None, None, 2.7772152423858643, None, None, None, 0.7670682668685913, None]","[None, None, 8.381645202636719, None, None, None, 8.687750816345215, None]"
