layer,base_key,expert,entropy_slope,bias,slope_rank_low_to_high
0,model.global_transformer.layers.0.feed_forward.patch_feature_router,0,-0.011779718101024628,-0.013021883554756641,2
0,model.global_transformer.layers.0.feed_forward.patch_feature_router,1,-0.006121563725173473,-0.03175460919737816,6
0,model.global_transformer.layers.0.feed_forward.patch_feature_router,2,0.04355528578162193,-0.016269784420728683,7
0,model.global_transformer.layers.0.feed_forward.patch_feature_router,3,-0.00935308262705803,-0.020799918100237846,4
0,model.global_transformer.layers.0.feed_forward.patch_feature_router,4,-0.015613366849720478,-0.01052912324666977,1
0,model.global_transformer.layers.0.feed_forward.patch_feature_router,5,-0.010724568739533424,-0.016254400834441185,3
0,model.global_transformer.layers.0.feed_forward.patch_feature_router,6,-0.031814269721508026,0.026248497888445854,0
0,model.global_transformer.layers.0.feed_forward.patch_feature_router,7,-0.006972493603825569,-0.028768265619874,5
0,model.global_transformer.layers.0.feed_forward.patch_length_router,0,-0.011779718101024628,-0.013021883554756641,2
0,model.global_transformer.layers.0.feed_forward.patch_length_router,1,-0.006121563725173473,-0.03175460919737816,6
0,model.global_transformer.layers.0.feed_forward.patch_length_router,2,0.04355528578162193,-0.016269784420728683,7
0,model.global_transformer.layers.0.feed_forward.patch_length_router,3,-0.00935308262705803,-0.020799918100237846,4
0,model.global_transformer.layers.0.feed_forward.patch_length_router,4,-0.015613366849720478,-0.01052912324666977,1
0,model.global_transformer.layers.0.feed_forward.patch_length_router,5,-0.010724568739533424,-0.016254400834441185,3
0,model.global_transformer.layers.0.feed_forward.patch_length_router,6,-0.031814269721508026,0.026248497888445854,0
0,model.global_transformer.layers.0.feed_forward.patch_length_router,7,-0.006972493603825569,-0.028768265619874,5
1,model.global_transformer.layers.1.feed_forward.patch_feature_router,0,0.030024107545614243,-0.02056329883635044,7
1,model.global_transformer.layers.1.feed_forward.patch_feature_router,1,0.006509380415081978,-0.003126173745840788,4
1,model.global_transformer.layers.1.feed_forward.patch_feature_router,2,-0.005769530776888132,-0.0055579012259840965,0
1,model.global_transformer.layers.1.feed_forward.patch_feature_router,3,-0.0053229136392474174,-0.00219707447104156,1
1,model.global_transformer.layers.1.feed_forward.patch_feature_router,4,0.012075122445821762,0.0010870371479541063,5
1,model.global_transformer.layers.1.feed_forward.patch_feature_router,5,-0.0028387883212417364,-0.00296194339171052,2
1,model.global_transformer.layers.1.feed_forward.patch_feature_router,6,0.005128043703734875,0.02334010787308216,3
1,model.global_transformer.layers.1.feed_forward.patch_feature_router,7,0.024224625900387764,0.004027363378554583,6
1,model.global_transformer.layers.1.feed_forward.patch_length_router,0,0.030024107545614243,-0.02056329883635044,7
1,model.global_transformer.layers.1.feed_forward.patch_length_router,1,0.006509380415081978,-0.003126173745840788,4
1,model.global_transformer.layers.1.feed_forward.patch_length_router,2,-0.005769530776888132,-0.0055579012259840965,0
1,model.global_transformer.layers.1.feed_forward.patch_length_router,3,-0.0053229136392474174,-0.00219707447104156,1
1,model.global_transformer.layers.1.feed_forward.patch_length_router,4,0.012075122445821762,0.0010870371479541063,5
1,model.global_transformer.layers.1.feed_forward.patch_length_router,5,-0.0028387883212417364,-0.00296194339171052,2
1,model.global_transformer.layers.1.feed_forward.patch_length_router,6,0.005128043703734875,0.02334010787308216,3
1,model.global_transformer.layers.1.feed_forward.patch_length_router,7,0.024224625900387764,0.004027363378554583,6
10,model.global_transformer.layers.10.feed_forward.patch_feature_router,0,-0.005269432440400124,-0.003726758062839508,3
10,model.global_transformer.layers.10.feed_forward.patch_feature_router,1,-0.007227219641208649,0.0017975664231926203,1
10,model.global_transformer.layers.10.feed_forward.patch_feature_router,2,-0.0018314627232030034,-0.006353104952722788,6
10,model.global_transformer.layers.10.feed_forward.patch_feature_router,3,-0.004168252926319838,-0.00044688614434562624,4
10,model.global_transformer.layers.10.feed_forward.patch_feature_router,4,0.007470314856618643,0.0008459825767204165,7
10,model.global_transformer.layers.10.feed_forward.patch_feature_router,5,-0.0035421187058091164,0.005547055508941412,5
10,model.global_transformer.layers.10.feed_forward.patch_feature_router,6,-0.007856600917875767,0.011098546907305717,0
10,model.global_transformer.layers.10.feed_forward.patch_feature_router,7,-0.006071372888982296,0.003470786614343524,2
10,model.global_transformer.layers.10.feed_forward.patch_length_router,0,-0.005269432440400124,-0.003726758062839508,3
10,model.global_transformer.layers.10.feed_forward.patch_length_router,1,-0.007227219641208649,0.0017975664231926203,1
10,model.global_transformer.layers.10.feed_forward.patch_length_router,2,-0.0018314627232030034,-0.006353104952722788,6
10,model.global_transformer.layers.10.feed_forward.patch_length_router,3,-0.004168252926319838,-0.00044688614434562624,4
10,model.global_transformer.layers.10.feed_forward.patch_length_router,4,0.007470314856618643,0.0008459825767204165,7
10,model.global_transformer.layers.10.feed_forward.patch_length_router,5,-0.0035421187058091164,0.005547055508941412,5
10,model.global_transformer.layers.10.feed_forward.patch_length_router,6,-0.007856600917875767,0.011098546907305717,0
10,model.global_transformer.layers.10.feed_forward.patch_length_router,7,-0.006071372888982296,0.003470786614343524,2
11,model.global_transformer.layers.11.feed_forward.patch_feature_router,0,-0.01841031387448311,0.024884846061468124,0
11,model.global_transformer.layers.11.feed_forward.patch_feature_router,1,0.016589201986789703,-0.028581669554114342,7
11,model.global_transformer.layers.11.feed_forward.patch_feature_router,2,-0.008067695423960686,-0.007067590486258268,3
11,model.global_transformer.layers.11.feed_forward.patch_feature_router,3,0.01263552624732256,-0.003511850256472826,6
11,model.global_transformer.layers.11.feed_forward.patch_feature_router,4,-0.006624541245400906,-0.011085283011198044,5
11,model.global_transformer.layers.11.feed_forward.patch_feature_router,5,-0.007109036669135094,-0.009677966125309467,4
11,model.global_transformer.layers.11.feed_forward.patch_feature_router,6,-0.013178057968616486,0.01698938198387623,1
11,model.global_transformer.layers.11.feed_forward.patch_feature_router,7,-0.00959168653935194,-0.0031985382083803415,2
11,model.global_transformer.layers.11.feed_forward.patch_length_router,0,-0.01841031387448311,0.024884846061468124,0
11,model.global_transformer.layers.11.feed_forward.patch_length_router,1,0.016589201986789703,-0.028581669554114342,7
11,model.global_transformer.layers.11.feed_forward.patch_length_router,2,-0.008067695423960686,-0.007067590486258268,3
11,model.global_transformer.layers.11.feed_forward.patch_length_router,3,0.01263552624732256,-0.003511850256472826,6
11,model.global_transformer.layers.11.feed_forward.patch_length_router,4,-0.006624541245400906,-0.011085283011198044,5
11,model.global_transformer.layers.11.feed_forward.patch_length_router,5,-0.007109036669135094,-0.009677966125309467,4
11,model.global_transformer.layers.11.feed_forward.patch_length_router,6,-0.013178057968616486,0.01698938198387623,1
11,model.global_transformer.layers.11.feed_forward.patch_length_router,7,-0.00959168653935194,-0.0031985382083803415,2
12,model.global_transformer.layers.12.feed_forward.patch_feature_router,0,-0.004453904926776886,0.0017788035329431295,3
12,model.global_transformer.layers.12.feed_forward.patch_feature_router,1,-0.012399565428495407,0.002160488162189722,0
12,model.global_transformer.layers.12.feed_forward.patch_feature_router,2,0.002563602291047573,-0.0029288444202393293,6
12,model.global_transformer.layers.12.feed_forward.patch_feature_router,3,-0.0012676434125751257,0.000365133979357779,5
12,model.global_transformer.layers.12.feed_forward.patch_feature_router,4,-0.0042450642213225365,0.00886049959808588,4
12,model.global_transformer.layers.12.feed_forward.patch_feature_router,5,-0.00834670290350914,0.002153456909582019,1
12,model.global_transformer.layers.12.feed_forward.patch_feature_router,6,-0.004728646948933601,0.00953633151948452,2
12,model.global_transformer.layers.12.feed_forward.patch_feature_router,7,0.008882219903171062,-0.005661307834088802,7
12,model.global_transformer.layers.12.feed_forward.patch_length_router,0,-0.004453904926776886,0.0017788035329431295,3
12,model.global_transformer.layers.12.feed_forward.patch_length_router,1,-0.012399565428495407,0.002160488162189722,0
12,model.global_transformer.layers.12.feed_forward.patch_length_router,2,0.002563602291047573,-0.0029288444202393293,6
12,model.global_transformer.layers.12.feed_forward.patch_length_router,3,-0.0012676434125751257,0.000365133979357779,5
12,model.global_transformer.layers.12.feed_forward.patch_length_router,4,-0.0042450642213225365,0.00886049959808588,4
12,model.global_transformer.layers.12.feed_forward.patch_length_router,5,-0.00834670290350914,0.002153456909582019,1
12,model.global_transformer.layers.12.feed_forward.patch_length_router,6,-0.004728646948933601,0.00953633151948452,2
12,model.global_transformer.layers.12.feed_forward.patch_length_router,7,0.008882219903171062,-0.005661307834088802,7
13,model.global_transformer.layers.13.feed_forward.patch_feature_router,0,0.0015391353517770767,0.000336126540787518,4
13,model.global_transformer.layers.13.feed_forward.patch_feature_router,1,-0.006302586756646633,0.00033794864430092275,0
13,model.global_transformer.layers.13.feed_forward.patch_feature_router,2,0.003138925414532423,0.005311626475304365,6
13,model.global_transformer.layers.13.feed_forward.patch_feature_router,3,-0.0033597734291106462,-0.002658919198438525,2
13,model.global_transformer.layers.13.feed_forward.patch_feature_router,4,0.010257899761199951,0.005264420993626118,7
13,model.global_transformer.layers.13.feed_forward.patch_feature_router,5,0.0013476692838594317,0.00038555648643523455,3
13,model.global_transformer.layers.13.feed_forward.patch_feature_router,6,-0.005182723980396986,-0.0015383067075163126,1
13,model.global_transformer.layers.13.feed_forward.patch_feature_router,7,0.0026466678828001022,-0.0012282113311812282,5
13,model.global_transformer.layers.13.feed_forward.patch_length_router,0,0.0015391353517770767,0.000336126540787518,4
13,model.global_transformer.layers.13.feed_forward.patch_length_router,1,-0.006302586756646633,0.00033794864430092275,0
13,model.global_transformer.layers.13.feed_forward.patch_length_router,2,0.003138925414532423,0.005311626475304365,6
13,model.global_transformer.layers.13.feed_forward.patch_length_router,3,-0.0033597734291106462,-0.002658919198438525,2
13,model.global_transformer.layers.13.feed_forward.patch_length_router,4,0.010257899761199951,0.005264420993626118,7
13,model.global_transformer.layers.13.feed_forward.patch_length_router,5,0.0013476692838594317,0.00038555648643523455,3
13,model.global_transformer.layers.13.feed_forward.patch_length_router,6,-0.005182723980396986,-0.0015383067075163126,1
13,model.global_transformer.layers.13.feed_forward.patch_length_router,7,0.0026466678828001022,-0.0012282113311812282,5
14,model.global_transformer.layers.14.feed_forward.patch_feature_router,0,-0.002436388051137328,0.0011159895220771432,0
14,model.global_transformer.layers.14.feed_forward.patch_feature_router,1,0.0005562586011365056,-0.0027455275412648916,3
14,model.global_transformer.layers.14.feed_forward.patch_feature_router,2,0.0026951306499540806,0.004726856481283903,6
14,model.global_transformer.layers.14.feed_forward.patch_feature_router,3,0.0014079150278121233,0.003024692414328456,5
14,model.global_transformer.layers.14.feed_forward.patch_feature_router,4,0.0027488276828080416,0.005272733513265848,7
14,model.global_transformer.layers.14.feed_forward.patch_feature_router,5,0.0010462263599038124,-0.005463243927806616,4
14,model.global_transformer.layers.14.feed_forward.patch_feature_router,6,-0.001492415089160204,0.000389783235732466,2
14,model.global_transformer.layers.14.feed_forward.patch_feature_router,7,-0.002268996322527528,-0.003236512653529644,1
14,model.global_transformer.layers.14.feed_forward.patch_length_router,0,-0.002436388051137328,0.0011159895220771432,0
14,model.global_transformer.layers.14.feed_forward.patch_length_router,1,0.0005562586011365056,-0.0027455275412648916,3
14,model.global_transformer.layers.14.feed_forward.patch_length_router,2,0.0026951306499540806,0.004726856481283903,6
14,model.global_transformer.layers.14.feed_forward.patch_length_router,3,0.0014079150278121233,0.003024692414328456,5
14,model.global_transformer.layers.14.feed_forward.patch_length_router,4,0.0027488276828080416,0.005272733513265848,7
14,model.global_transformer.layers.14.feed_forward.patch_length_router,5,0.0010462263599038124,-0.005463243927806616,4
14,model.global_transformer.layers.14.feed_forward.patch_length_router,6,-0.001492415089160204,0.000389783235732466,2
14,model.global_transformer.layers.14.feed_forward.patch_length_router,7,-0.002268996322527528,-0.003236512653529644,1
15,model.global_transformer.layers.15.feed_forward.patch_feature_router,0,-0.01083191018551588,-0.011978819034993649,3
15,model.global_transformer.layers.15.feed_forward.patch_feature_router,1,-0.011698230169713497,-0.010463881306350231,1
15,model.global_transformer.layers.15.feed_forward.patch_feature_router,2,-0.01091231219470501,-0.011979923583567142,2
15,model.global_transformer.layers.15.feed_forward.patch_feature_router,3,-0.010433146730065346,-0.012765511870384216,4
15,model.global_transformer.layers.15.feed_forward.patch_feature_router,4,0.02411056123673916,0.02543514221906662,7
15,model.global_transformer.layers.15.feed_forward.patch_feature_router,5,-0.010212483815848827,-0.013131063431501389,5
15,model.global_transformer.layers.15.feed_forward.patch_feature_router,6,-0.01560376025736332,0.0033096130937337875,0
15,model.global_transformer.layers.15.feed_forward.patch_feature_router,7,-0.006224671378731728,-0.019284958019852638,6
15,model.global_transformer.layers.15.feed_forward.patch_length_router,0,-0.01083191018551588,-0.011978819034993649,3
15,model.global_transformer.layers.15.feed_forward.patch_length_router,1,-0.011698230169713497,-0.010463881306350231,1
15,model.global_transformer.layers.15.feed_forward.patch_length_router,2,-0.01091231219470501,-0.011979923583567142,2
15,model.global_transformer.layers.15.feed_forward.patch_length_router,3,-0.010433146730065346,-0.012765511870384216,4
15,model.global_transformer.layers.15.feed_forward.patch_length_router,4,0.02411056123673916,0.02543514221906662,7
15,model.global_transformer.layers.15.feed_forward.patch_length_router,5,-0.010212483815848827,-0.013131063431501389,5
15,model.global_transformer.layers.15.feed_forward.patch_length_router,6,-0.01560376025736332,0.0033096130937337875,0
15,model.global_transformer.layers.15.feed_forward.patch_length_router,7,-0.006224671378731728,-0.019284958019852638,6
16,model.global_transformer.layers.16.feed_forward.patch_feature_router,0,0.0017483807168900967,-0.0014275502180680633,6
16,model.global_transformer.layers.16.feed_forward.patch_feature_router,1,0.0073566734790802,-0.00014835594629403204,7
16,model.global_transformer.layers.16.feed_forward.patch_feature_router,2,-0.0007697317632846534,-0.000786345626693219,3
16,model.global_transformer.layers.16.feed_forward.patch_feature_router,3,0.0006857751286588609,-0.00088976148981601,4
16,model.global_transformer.layers.16.feed_forward.patch_feature_router,4,-0.0021610839758068323,-0.0008561015711165965,1
16,model.global_transformer.layers.16.feed_forward.patch_feature_router,5,-0.00705706886947155,-0.0010506801772862673,0
16,model.global_transformer.layers.16.feed_forward.patch_feature_router,6,-0.0013621922116726637,-0.0008405707194469869,2
16,model.global_transformer.layers.16.feed_forward.patch_feature_router,7,0.0013673140201717615,0.010293636471033096,5
16,model.global_transformer.layers.16.feed_forward.patch_length_router,0,0.0017483807168900967,-0.0014275502180680633,6
16,model.global_transformer.layers.16.feed_forward.patch_length_router,1,0.0073566734790802,-0.00014835594629403204,7
16,model.global_transformer.layers.16.feed_forward.patch_length_router,2,-0.0007697317632846534,-0.000786345626693219,3
16,model.global_transformer.layers.16.feed_forward.patch_length_router,3,0.0006857751286588609,-0.00088976148981601,4
16,model.global_transformer.layers.16.feed_forward.patch_length_router,4,-0.0021610839758068323,-0.0008561015711165965,1
16,model.global_transformer.layers.16.feed_forward.patch_length_router,5,-0.00705706886947155,-0.0010506801772862673,0
16,model.global_transformer.layers.16.feed_forward.patch_length_router,6,-0.0013621922116726637,-0.0008405707194469869,2
16,model.global_transformer.layers.16.feed_forward.patch_length_router,7,0.0013673140201717615,0.010293636471033096,5
17,model.global_transformer.layers.17.feed_forward.patch_feature_router,0,0.0046667419373989105,-0.004318857565522194,6
17,model.global_transformer.layers.17.feed_forward.patch_feature_router,1,0.006548221688717604,0.006488257087767124,7
17,model.global_transformer.layers.17.feed_forward.patch_feature_router,2,0.0032381275668740273,0.006063937209546566,4
17,model.global_transformer.layers.17.feed_forward.patch_feature_router,3,0.003067984478548169,0.0005467213341034949,3
17,model.global_transformer.layers.17.feed_forward.patch_feature_router,4,0.001092337304726243,-0.0037901366595178843,2
17,model.global_transformer.layers.17.feed_forward.patch_feature_router,5,5.655722998199053e-05,-0.005647611804306507,1
17,model.global_transformer.layers.17.feed_forward.patch_feature_router,6,-0.002317709382623434,-0.0023628671187907457,0
17,model.global_transformer.layers.17.feed_forward.patch_feature_router,7,0.004337997175753117,0.0011031725443899632,5
17,model.global_transformer.layers.17.feed_forward.patch_length_router,0,0.0046667419373989105,-0.004318857565522194,6
17,model.global_transformer.layers.17.feed_forward.patch_length_router,1,0.006548221688717604,0.006488257087767124,7
17,model.global_transformer.layers.17.feed_forward.patch_length_router,2,0.0032381275668740273,0.006063937209546566,4
17,model.global_transformer.layers.17.feed_forward.patch_length_router,3,0.003067984478548169,0.0005467213341034949,3
17,model.global_transformer.layers.17.feed_forward.patch_length_router,4,0.001092337304726243,-0.0037901366595178843,2
17,model.global_transformer.layers.17.feed_forward.patch_length_router,5,5.655722998199053e-05,-0.005647611804306507,1
17,model.global_transformer.layers.17.feed_forward.patch_length_router,6,-0.002317709382623434,-0.0023628671187907457,0
17,model.global_transformer.layers.17.feed_forward.patch_length_router,7,0.004337997175753117,0.0011031725443899632,5
18,model.global_transformer.layers.18.feed_forward.patch_feature_router,0,0.0024727010168135166,-0.03749779611825943,6
18,model.global_transformer.layers.18.feed_forward.patch_feature_router,1,-0.0227576345205307,-0.019002078101038933,1
18,model.global_transformer.layers.18.feed_forward.patch_feature_router,2,-0.013645699247717857,-0.025525754317641258,5
18,model.global_transformer.layers.18.feed_forward.patch_feature_router,3,-0.02886124514043331,-0.014400409534573555,0
18,model.global_transformer.layers.18.feed_forward.patch_feature_router,4,-0.019365821033716202,-0.021291084587574005,4
18,model.global_transformer.layers.18.feed_forward.patch_feature_router,5,0.00832871999591589,0.050901200622320175,7
18,model.global_transformer.layers.18.feed_forward.patch_feature_router,6,-0.021343747153878212,-0.01974053494632244,3
18,model.global_transformer.layers.18.feed_forward.patch_feature_router,7,-0.022114137187600136,-0.019145091995596886,2
18,model.global_transformer.layers.18.feed_forward.patch_length_router,0,0.0024727010168135166,-0.03749779611825943,6
18,model.global_transformer.layers.18.feed_forward.patch_length_router,1,-0.0227576345205307,-0.019002078101038933,1
18,model.global_transformer.layers.18.feed_forward.patch_length_router,2,-0.013645699247717857,-0.025525754317641258,5
18,model.global_transformer.layers.18.feed_forward.patch_length_router,3,-0.02886124514043331,-0.014400409534573555,0
18,model.global_transformer.layers.18.feed_forward.patch_length_router,4,-0.019365821033716202,-0.021291084587574005,4
18,model.global_transformer.layers.18.feed_forward.patch_length_router,5,0.00832871999591589,0.050901200622320175,7
18,model.global_transformer.layers.18.feed_forward.patch_length_router,6,-0.021343747153878212,-0.01974053494632244,3
18,model.global_transformer.layers.18.feed_forward.patch_length_router,7,-0.022114137187600136,-0.019145091995596886,2
19,model.global_transformer.layers.19.feed_forward.patch_feature_router,0,0.030063021928071976,-0.028567306697368622,7
19,model.global_transformer.layers.19.feed_forward.patch_feature_router,1,-0.015452620573341846,0.02232835441827774,1
19,model.global_transformer.layers.19.feed_forward.patch_feature_router,2,-0.00847157184034586,-0.012205131351947784,2
19,model.global_transformer.layers.19.feed_forward.patch_feature_router,3,-0.018761787563562393,0.033084847033023834,0
19,model.global_transformer.layers.19.feed_forward.patch_feature_router,4,-0.004979405552148819,-0.026121433824300766,6
19,model.global_transformer.layers.19.feed_forward.patch_feature_router,5,-0.008267143741250038,-0.012916641309857368,3
19,model.global_transformer.layers.19.feed_forward.patch_feature_router,6,-0.008206277154386044,-0.013151991181075573,4
19,model.global_transformer.layers.19.feed_forward.patch_feature_router,7,-0.007933534681797028,-0.014146680943667889,5
19,model.global_transformer.layers.19.feed_forward.patch_length_router,0,0.030063021928071976,-0.028567306697368622,7
19,model.global_transformer.layers.19.feed_forward.patch_length_router,1,-0.015452620573341846,0.02232835441827774,1
19,model.global_transformer.layers.19.feed_forward.patch_length_router,2,-0.00847157184034586,-0.012205131351947784,2
19,model.global_transformer.layers.19.feed_forward.patch_length_router,3,-0.018761787563562393,0.033084847033023834,0
19,model.global_transformer.layers.19.feed_forward.patch_length_router,4,-0.004979405552148819,-0.026121433824300766,6
19,model.global_transformer.layers.19.feed_forward.patch_length_router,5,-0.008267143741250038,-0.012916641309857368,3
19,model.global_transformer.layers.19.feed_forward.patch_length_router,6,-0.008206277154386044,-0.013151991181075573,4
19,model.global_transformer.layers.19.feed_forward.patch_length_router,7,-0.007933534681797028,-0.014146680943667889,5
2,model.global_transformer.layers.2.feed_forward.patch_feature_router,0,-0.013196459971368313,-0.009695042856037617,0
2,model.global_transformer.layers.2.feed_forward.patch_feature_router,1,-0.006474618799984455,-0.0025127336848527193,2
2,model.global_transformer.layers.2.feed_forward.patch_feature_router,2,-0.009390225633978844,-0.006353397388011217,1
2,model.global_transformer.layers.2.feed_forward.patch_feature_router,3,0.0006516145076602697,-0.002421388868242502,6
2,model.global_transformer.layers.2.feed_forward.patch_feature_router,4,-0.004341471008956432,-0.004419824108481407,4
2,model.global_transformer.layers.2.feed_forward.patch_feature_router,5,0.012827436439692974,0.01590505614876747,7
2,model.global_transformer.layers.2.feed_forward.patch_feature_router,6,0.0003135833248961717,0.02227877452969551,5
2,model.global_transformer.layers.2.feed_forward.patch_feature_router,7,-0.005766522604972124,-0.0065055605955421925,3
2,model.global_transformer.layers.2.feed_forward.patch_length_router,0,-0.013196459971368313,-0.009695042856037617,0
2,model.global_transformer.layers.2.feed_forward.patch_length_router,1,-0.006474618799984455,-0.0025127336848527193,2
2,model.global_transformer.layers.2.feed_forward.patch_length_router,2,-0.009390225633978844,-0.006353397388011217,1
2,model.global_transformer.layers.2.feed_forward.patch_length_router,3,0.0006516145076602697,-0.002421388868242502,6
2,model.global_transformer.layers.2.feed_forward.patch_length_router,4,-0.004341471008956432,-0.004419824108481407,4
2,model.global_transformer.layers.2.feed_forward.patch_length_router,5,0.012827436439692974,0.01590505614876747,7
2,model.global_transformer.layers.2.feed_forward.patch_length_router,6,0.0003135833248961717,0.02227877452969551,5
2,model.global_transformer.layers.2.feed_forward.patch_length_router,7,-0.005766522604972124,-0.0065055605955421925,3
20,model.global_transformer.layers.20.feed_forward.patch_feature_router,0,-0.012965535745024681,-0.017078107222914696,5
20,model.global_transformer.layers.20.feed_forward.patch_feature_router,1,-0.013681669719517231,-0.014956766739487648,4
20,model.global_transformer.layers.20.feed_forward.patch_feature_router,2,-0.029299460351467133,0.019661936908960342,0
20,model.global_transformer.layers.20.feed_forward.patch_feature_router,3,-0.013758373446762562,-0.014585684053599834,3
20,model.global_transformer.layers.20.feed_forward.patch_feature_router,4,-0.01917443610727787,-3.484887565718964e-05,1
20,model.global_transformer.layers.20.feed_forward.patch_feature_router,5,-0.01289115659892559,-0.017295846715569496,6
20,model.global_transformer.layers.20.feed_forward.patch_feature_router,6,0.04176640510559082,-0.0016796729760244489,7
20,model.global_transformer.layers.20.feed_forward.patch_feature_router,7,-0.013849902898073196,-0.01424248144030571,2
20,model.global_transformer.layers.20.feed_forward.patch_length_router,0,-0.012965535745024681,-0.017078107222914696,5
20,model.global_transformer.layers.20.feed_forward.patch_length_router,1,-0.013681669719517231,-0.014956766739487648,4
20,model.global_transformer.layers.20.feed_forward.patch_length_router,2,-0.029299460351467133,0.019661936908960342,0
20,model.global_transformer.layers.20.feed_forward.patch_length_router,3,-0.013758373446762562,-0.014585684053599834,3
20,model.global_transformer.layers.20.feed_forward.patch_length_router,4,-0.01917443610727787,-3.484887565718964e-05,1
20,model.global_transformer.layers.20.feed_forward.patch_length_router,5,-0.01289115659892559,-0.017295846715569496,6
20,model.global_transformer.layers.20.feed_forward.patch_length_router,6,0.04176640510559082,-0.0016796729760244489,7
20,model.global_transformer.layers.20.feed_forward.patch_length_router,7,-0.013849902898073196,-0.01424248144030571,2
21,model.global_transformer.layers.21.feed_forward.patch_feature_router,0,-0.004483080469071865,-0.0002557355910539627,1
21,model.global_transformer.layers.21.feed_forward.patch_feature_router,1,-0.003121200017631054,-0.0008954225922934711,3
21,model.global_transformer.layers.21.feed_forward.patch_feature_router,2,-0.0021787015721201897,-0.004410925786942244,4
21,model.global_transformer.layers.21.feed_forward.patch_feature_router,3,-0.002074102172628045,-0.004255085717886686,5
21,model.global_transformer.layers.21.feed_forward.patch_feature_router,4,-0.0049117752350866795,0.006004478316754103,0
21,model.global_transformer.layers.21.feed_forward.patch_feature_router,5,-0.0018227780237793922,-0.005735178478062153,6
21,model.global_transformer.layers.21.feed_forward.patch_feature_router,6,0.007696513552218676,0.0059317308478057384,7
21,model.global_transformer.layers.21.feed_forward.patch_feature_router,7,-0.003914915025234222,0.00117304059676826,2
21,model.global_transformer.layers.21.feed_forward.patch_length_router,0,-0.004483080469071865,-0.0002557355910539627,1
21,model.global_transformer.layers.21.feed_forward.patch_length_router,1,-0.003121200017631054,-0.0008954225922934711,3
21,model.global_transformer.layers.21.feed_forward.patch_length_router,2,-0.0021787015721201897,-0.004410925786942244,4
21,model.global_transformer.layers.21.feed_forward.patch_length_router,3,-0.002074102172628045,-0.004255085717886686,5
21,model.global_transformer.layers.21.feed_forward.patch_length_router,4,-0.0049117752350866795,0.006004478316754103,0
21,model.global_transformer.layers.21.feed_forward.patch_length_router,5,-0.0018227780237793922,-0.005735178478062153,6
21,model.global_transformer.layers.21.feed_forward.patch_length_router,6,0.007696513552218676,0.0059317308478057384,7
21,model.global_transformer.layers.21.feed_forward.patch_length_router,7,-0.003914915025234222,0.00117304059676826,2
22,model.global_transformer.layers.22.feed_forward.patch_feature_router,0,-0.00700437743216753,-0.0061350613832473755,2
22,model.global_transformer.layers.22.feed_forward.patch_feature_router,1,-0.004146468359977007,0.014567089267075062,6
22,model.global_transformer.layers.22.feed_forward.patch_feature_router,2,-0.005579798482358456,-0.011219984851777554,4
22,model.global_transformer.layers.22.feed_forward.patch_feature_router,3,-0.005473137367516756,-0.011928573250770569,5
22,model.global_transformer.layers.22.feed_forward.patch_feature_router,4,-0.006289792712777853,-0.008667029440402985,3
22,model.global_transformer.layers.22.feed_forward.patch_feature_router,5,0.022753316909074783,0.009915679693222046,7
22,model.global_transformer.layers.22.feed_forward.patch_feature_router,6,-0.007099604234099388,-0.005680596921592951,0
22,model.global_transformer.layers.22.feed_forward.patch_feature_router,7,-0.007085893768817186,-0.005675919353961945,1
22,model.global_transformer.layers.22.feed_forward.patch_length_router,0,-0.00700437743216753,-0.0061350613832473755,2
22,model.global_transformer.layers.22.feed_forward.patch_length_router,1,-0.004146468359977007,0.014567089267075062,6
22,model.global_transformer.layers.22.feed_forward.patch_length_router,2,-0.005579798482358456,-0.011219984851777554,4
22,model.global_transformer.layers.22.feed_forward.patch_length_router,3,-0.005473137367516756,-0.011928573250770569,5
22,model.global_transformer.layers.22.feed_forward.patch_length_router,4,-0.006289792712777853,-0.008667029440402985,3
22,model.global_transformer.layers.22.feed_forward.patch_length_router,5,0.022753316909074783,0.009915679693222046,7
22,model.global_transformer.layers.22.feed_forward.patch_length_router,6,-0.007099604234099388,-0.005680596921592951,0
22,model.global_transformer.layers.22.feed_forward.patch_length_router,7,-0.007085893768817186,-0.005675919353961945,1
23,model.global_transformer.layers.23.feed_forward.patch_feature_router,0,-0.011131973937153816,-0.02011682093143463,6
23,model.global_transformer.layers.23.feed_forward.patch_feature_router,1,0.0322195366024971,0.028657684102654457,7
23,model.global_transformer.layers.23.feed_forward.patch_feature_router,2,-0.014677517116069794,-0.012124231085181236,1
23,model.global_transformer.layers.23.feed_forward.patch_feature_router,3,-0.020713211968541145,0.004800715949386358,0
23,model.global_transformer.layers.23.feed_forward.patch_feature_router,4,-0.013385651633143425,-0.015151266008615494,3
23,model.global_transformer.layers.23.feed_forward.patch_feature_router,5,-0.012483878061175346,-0.01674593612551689,5
23,model.global_transformer.layers.23.feed_forward.patch_feature_router,6,-0.012529510073363781,-0.01718738302588463,4
23,model.global_transformer.layers.23.feed_forward.patch_feature_router,7,-0.013502823188900948,-0.014650546945631504,2
23,model.global_transformer.layers.23.feed_forward.patch_length_router,0,-0.011131973937153816,-0.02011682093143463,6
23,model.global_transformer.layers.23.feed_forward.patch_length_router,1,0.0322195366024971,0.028657684102654457,7
23,model.global_transformer.layers.23.feed_forward.patch_length_router,2,-0.014677517116069794,-0.012124231085181236,1
23,model.global_transformer.layers.23.feed_forward.patch_length_router,3,-0.020713211968541145,0.004800715949386358,0
23,model.global_transformer.layers.23.feed_forward.patch_length_router,4,-0.013385651633143425,-0.015151266008615494,3
23,model.global_transformer.layers.23.feed_forward.patch_length_router,5,-0.012483878061175346,-0.01674593612551689,5
23,model.global_transformer.layers.23.feed_forward.patch_length_router,6,-0.012529510073363781,-0.01718738302588463,4
23,model.global_transformer.layers.23.feed_forward.patch_length_router,7,-0.013502823188900948,-0.014650546945631504,2
24,model.global_transformer.layers.24.feed_forward.patch_feature_router,0,-0.004604496993124485,0.00042436603689566255,0
24,model.global_transformer.layers.24.feed_forward.patch_feature_router,1,-0.0008657202706672251,-0.002484961412847042,2
24,model.global_transformer.layers.24.feed_forward.patch_feature_router,2,0.00298976874910295,0.006253252737224102,6
24,model.global_transformer.layers.24.feed_forward.patch_feature_router,3,0.003159841289743781,-0.00388847547583282,7
24,model.global_transformer.layers.24.feed_forward.patch_feature_router,4,0.0002965995518025011,0.000982442987151444,3
24,model.global_transformer.layers.24.feed_forward.patch_feature_router,5,0.0015273996395990252,0.0007293371018022299,4
24,model.global_transformer.layers.24.feed_forward.patch_feature_router,6,0.001749355811625719,0.004515024833381176,5
24,model.global_transformer.layers.24.feed_forward.patch_feature_router,7,-0.004513189196586609,-0.003988387994468212,1
24,model.global_transformer.layers.24.feed_forward.patch_length_router,0,-0.004604496993124485,0.00042436603689566255,0
24,model.global_transformer.layers.24.feed_forward.patch_length_router,1,-0.0008657202706672251,-0.002484961412847042,2
24,model.global_transformer.layers.24.feed_forward.patch_length_router,2,0.00298976874910295,0.006253252737224102,6
24,model.global_transformer.layers.24.feed_forward.patch_length_router,3,0.003159841289743781,-0.00388847547583282,7
24,model.global_transformer.layers.24.feed_forward.patch_length_router,4,0.0002965995518025011,0.000982442987151444,3
24,model.global_transformer.layers.24.feed_forward.patch_length_router,5,0.0015273996395990252,0.0007293371018022299,4
24,model.global_transformer.layers.24.feed_forward.patch_length_router,6,0.001749355811625719,0.004515024833381176,5
24,model.global_transformer.layers.24.feed_forward.patch_length_router,7,-0.004513189196586609,-0.003988387994468212,1
3,model.global_transformer.layers.3.feed_forward.patch_feature_router,0,-0.025671115145087242,-0.016489222645759583,1
3,model.global_transformer.layers.3.feed_forward.patch_feature_router,1,0.006265179719775915,0.04129033535718918,6
3,model.global_transformer.layers.3.feed_forward.patch_feature_router,2,-0.01637963205575943,-0.019016534090042114,3
3,model.global_transformer.layers.3.feed_forward.patch_feature_router,3,-0.004824407864362001,-0.022167734801769257,5
3,model.global_transformer.layers.3.feed_forward.patch_feature_router,4,-0.015725402161478996,-0.019122496247291565,4
3,model.global_transformer.layers.3.feed_forward.patch_feature_router,5,-0.027815088629722595,-0.01588333770632744,0
3,model.global_transformer.layers.3.feed_forward.patch_feature_router,6,0.007300273049622774,-0.032584212720394135,7
3,model.global_transformer.layers.3.feed_forward.patch_feature_router,7,-0.023406105116009712,-0.01696252077817917,2
3,model.global_transformer.layers.3.feed_forward.patch_length_router,0,-0.025671115145087242,-0.016489222645759583,1
3,model.global_transformer.layers.3.feed_forward.patch_length_router,1,0.006265179719775915,0.04129033535718918,6
3,model.global_transformer.layers.3.feed_forward.patch_length_router,2,-0.01637963205575943,-0.019016534090042114,3
3,model.global_transformer.layers.3.feed_forward.patch_length_router,3,-0.004824407864362001,-0.022167734801769257,5
3,model.global_transformer.layers.3.feed_forward.patch_length_router,4,-0.015725402161478996,-0.019122496247291565,4
3,model.global_transformer.layers.3.feed_forward.patch_length_router,5,-0.027815088629722595,-0.01588333770632744,0
3,model.global_transformer.layers.3.feed_forward.patch_length_router,6,0.007300273049622774,-0.032584212720394135,7
3,model.global_transformer.layers.3.feed_forward.patch_length_router,7,-0.023406105116009712,-0.01696252077817917,2
4,model.global_transformer.layers.4.feed_forward.patch_feature_router,0,0.001274025533348322,-0.013747649267315865,4
4,model.global_transformer.layers.4.feed_forward.patch_feature_router,1,-0.003804730949923396,-0.006242564879357815,1
4,model.global_transformer.layers.4.feed_forward.patch_feature_router,2,0.03167320787906647,-0.022443467751145363,7
4,model.global_transformer.layers.4.feed_forward.patch_feature_router,3,0.0004035267629660666,-0.007966459728777409,3
4,model.global_transformer.layers.4.feed_forward.patch_feature_router,4,-0.003359970636665821,-0.010306664742529392,2
4,model.global_transformer.layers.4.feed_forward.patch_feature_router,5,0.0029301289469003677,0.004482591059058905,5
4,model.global_transformer.layers.4.feed_forward.patch_feature_router,6,0.01795002818107605,-0.008334004320204258,6
4,model.global_transformer.layers.4.feed_forward.patch_feature_router,7,-0.018742356449365616,0.021692153066396713,0
4,model.global_transformer.layers.4.feed_forward.patch_length_router,0,0.001274025533348322,-0.013747649267315865,4
4,model.global_transformer.layers.4.feed_forward.patch_length_router,1,-0.003804730949923396,-0.006242564879357815,1
4,model.global_transformer.layers.4.feed_forward.patch_length_router,2,0.03167320787906647,-0.022443467751145363,7
4,model.global_transformer.layers.4.feed_forward.patch_length_router,3,0.0004035267629660666,-0.007966459728777409,3
4,model.global_transformer.layers.4.feed_forward.patch_length_router,4,-0.003359970636665821,-0.010306664742529392,2
4,model.global_transformer.layers.4.feed_forward.patch_length_router,5,0.0029301289469003677,0.004482591059058905,5
4,model.global_transformer.layers.4.feed_forward.patch_length_router,6,0.01795002818107605,-0.008334004320204258,6
4,model.global_transformer.layers.4.feed_forward.patch_length_router,7,-0.018742356449365616,0.021692153066396713,0
5,model.global_transformer.layers.5.feed_forward.patch_feature_router,0,-0.010755609720945358,-0.001640366273932159,1
5,model.global_transformer.layers.5.feed_forward.patch_feature_router,1,-0.009988573379814625,-0.0018808819586411119,2
5,model.global_transformer.layers.5.feed_forward.patch_feature_router,2,-0.004139504861086607,-0.003768275259062648,5
5,model.global_transformer.layers.5.feed_forward.patch_feature_router,3,-0.005990036763250828,-0.0031700583640486,3
5,model.global_transformer.layers.5.feed_forward.patch_feature_router,4,-0.0027257688343524933,-0.011058226227760315,6
5,model.global_transformer.layers.5.feed_forward.patch_feature_router,5,0.02404259331524372,-0.014481794089078903,7
5,model.global_transformer.layers.5.feed_forward.patch_feature_router,6,-0.013999324291944504,0.022736458107829094,0
5,model.global_transformer.layers.5.feed_forward.patch_feature_router,7,-0.004910632502287626,-0.006967039313167334,4
5,model.global_transformer.layers.5.feed_forward.patch_length_router,0,-0.010755609720945358,-0.001640366273932159,1
5,model.global_transformer.layers.5.feed_forward.patch_length_router,1,-0.009988573379814625,-0.0018808819586411119,2
5,model.global_transformer.layers.5.feed_forward.patch_length_router,2,-0.004139504861086607,-0.003768275259062648,5
5,model.global_transformer.layers.5.feed_forward.patch_length_router,3,-0.005990036763250828,-0.0031700583640486,3
5,model.global_transformer.layers.5.feed_forward.patch_length_router,4,-0.0027257688343524933,-0.011058226227760315,6
5,model.global_transformer.layers.5.feed_forward.patch_length_router,5,0.02404259331524372,-0.014481794089078903,7
5,model.global_transformer.layers.5.feed_forward.patch_length_router,6,-0.013999324291944504,0.022736458107829094,0
5,model.global_transformer.layers.5.feed_forward.patch_length_router,7,-0.004910632502287626,-0.006967039313167334,4
6,model.global_transformer.layers.6.feed_forward.patch_feature_router,0,0.001803698018193245,-0.003586745588108897,5
6,model.global_transformer.layers.6.feed_forward.patch_feature_router,1,-0.0014642843743786216,-0.00988021120429039,2
6,model.global_transformer.layers.6.feed_forward.patch_feature_router,2,-0.0043428922072052956,-0.009880212135612965,0
6,model.global_transformer.layers.6.feed_forward.patch_feature_router,3,-0.00017828431737143546,-0.002930218819528818,3
6,model.global_transformer.layers.6.feed_forward.patch_feature_router,4,-0.0017661426682025194,-0.0012044099858030677,1
6,model.global_transformer.layers.6.feed_forward.patch_feature_router,5,0.006033204961568117,-0.0002414031041553244,7
6,model.global_transformer.layers.6.feed_forward.patch_feature_router,6,0.0025321284774690866,0.0016967597184702754,6
6,model.global_transformer.layers.6.feed_forward.patch_feature_router,7,0.00035601024865172803,-0.0036991562228649855,4
6,model.global_transformer.layers.6.feed_forward.patch_length_router,0,0.001803698018193245,-0.003586745588108897,5
6,model.global_transformer.layers.6.feed_forward.patch_length_router,1,-0.0014642843743786216,-0.00988021120429039,2
6,model.global_transformer.layers.6.feed_forward.patch_length_router,2,-0.0043428922072052956,-0.009880212135612965,0
6,model.global_transformer.layers.6.feed_forward.patch_length_router,3,-0.00017828431737143546,-0.002930218819528818,3
6,model.global_transformer.layers.6.feed_forward.patch_length_router,4,-0.0017661426682025194,-0.0012044099858030677,1
6,model.global_transformer.layers.6.feed_forward.patch_length_router,5,0.006033204961568117,-0.0002414031041553244,7
6,model.global_transformer.layers.6.feed_forward.patch_length_router,6,0.0025321284774690866,0.0016967597184702754,6
6,model.global_transformer.layers.6.feed_forward.patch_length_router,7,0.00035601024865172803,-0.0036991562228649855,4
7,model.global_transformer.layers.7.feed_forward.patch_feature_router,0,-0.02379048801958561,-0.026556873694062233,4
7,model.global_transformer.layers.7.feed_forward.patch_feature_router,1,-0.023534227162599564,-0.02724306844174862,5
7,model.global_transformer.layers.7.feed_forward.patch_feature_router,2,-0.02579597383737564,-0.02279648371040821,2
7,model.global_transformer.layers.7.feed_forward.patch_feature_router,3,-0.02387993223965168,-0.026091862469911575,3
7,model.global_transformer.layers.7.feed_forward.patch_feature_router,4,-0.023169197142124176,-0.02803366258740425,6
7,model.global_transformer.layers.7.feed_forward.patch_feature_router,5,-0.02627507597208023,-0.021531004458665848,1
7,model.global_transformer.layers.7.feed_forward.patch_feature_router,6,-0.039424046874046326,0.0016920185880735517,0
7,model.global_transformer.layers.7.feed_forward.patch_feature_router,7,0.06402673572301865,0.01691468246281147,7
7,model.global_transformer.layers.7.feed_forward.patch_length_router,0,-0.02379048801958561,-0.026556873694062233,4
7,model.global_transformer.layers.7.feed_forward.patch_length_router,1,-0.023534227162599564,-0.02724306844174862,5
7,model.global_transformer.layers.7.feed_forward.patch_length_router,2,-0.02579597383737564,-0.02279648371040821,2
7,model.global_transformer.layers.7.feed_forward.patch_length_router,3,-0.02387993223965168,-0.026091862469911575,3
7,model.global_transformer.layers.7.feed_forward.patch_length_router,4,-0.023169197142124176,-0.02803366258740425,6
7,model.global_transformer.layers.7.feed_forward.patch_length_router,5,-0.02627507597208023,-0.021531004458665848,1
7,model.global_transformer.layers.7.feed_forward.patch_length_router,6,-0.039424046874046326,0.0016920185880735517,0
7,model.global_transformer.layers.7.feed_forward.patch_length_router,7,0.06402673572301865,0.01691468246281147,7
8,model.global_transformer.layers.8.feed_forward.patch_feature_router,0,-0.004196044988930225,-0.004428619984537363,3
8,model.global_transformer.layers.8.feed_forward.patch_feature_router,1,0.004593914374709129,0.02786538004875183,6
8,model.global_transformer.layers.8.feed_forward.patch_feature_router,2,0.007043156772851944,-0.010230635292828083,7
8,model.global_transformer.layers.8.feed_forward.patch_feature_router,3,-0.014137983322143555,0.0002482678974047303,1
8,model.global_transformer.layers.8.feed_forward.patch_feature_router,4,-0.007060706615447998,-0.003026520600542426,2
8,model.global_transformer.layers.8.feed_forward.patch_feature_router,5,0.003987546544522047,-0.008595063351094723,5
8,model.global_transformer.layers.8.feed_forward.patch_feature_router,6,-0.004063745029270649,-0.00447572348639369,4
8,model.global_transformer.layers.8.feed_forward.patch_feature_router,7,-0.014898748137056828,0.00046115615987218916,0
8,model.global_transformer.layers.8.feed_forward.patch_length_router,0,-0.004196044988930225,-0.004428619984537363,3
8,model.global_transformer.layers.8.feed_forward.patch_length_router,1,0.004593914374709129,0.02786538004875183,6
8,model.global_transformer.layers.8.feed_forward.patch_length_router,2,0.007043156772851944,-0.010230635292828083,7
8,model.global_transformer.layers.8.feed_forward.patch_length_router,3,-0.014137983322143555,0.0002482678974047303,1
8,model.global_transformer.layers.8.feed_forward.patch_length_router,4,-0.007060706615447998,-0.003026520600542426,2
8,model.global_transformer.layers.8.feed_forward.patch_length_router,5,0.003987546544522047,-0.008595063351094723,5
8,model.global_transformer.layers.8.feed_forward.patch_length_router,6,-0.004063745029270649,-0.00447572348639369,4
8,model.global_transformer.layers.8.feed_forward.patch_length_router,7,-0.014898748137056828,0.00046115615987218916,0
9,model.global_transformer.layers.9.feed_forward.patch_feature_router,0,-0.007822489365935326,0.0003303331905044615,1
9,model.global_transformer.layers.9.feed_forward.patch_feature_router,1,0.011959053575992584,-0.001242180005647242,7
9,model.global_transformer.layers.9.feed_forward.patch_feature_router,2,-0.001725362497381866,0.01158209890127182,4
9,model.global_transformer.layers.9.feed_forward.patch_feature_router,3,-0.0073352959007024765,-0.006992778740823269,2
9,model.global_transformer.layers.9.feed_forward.patch_feature_router,4,-0.01238930132240057,-0.006414508447051048,0
9,model.global_transformer.layers.9.feed_forward.patch_feature_router,5,0.007521804887801409,0.0012555010616779327,6
9,model.global_transformer.layers.9.feed_forward.patch_feature_router,6,0.003111302386969328,-0.005680739413946867,5
9,model.global_transformer.layers.9.feed_forward.patch_feature_router,7,-0.002224105643108487,0.0002687596424948424,3
9,model.global_transformer.layers.9.feed_forward.patch_length_router,0,-0.007822489365935326,0.0003303331905044615,1
9,model.global_transformer.layers.9.feed_forward.patch_length_router,1,0.011959053575992584,-0.001242180005647242,7
9,model.global_transformer.layers.9.feed_forward.patch_length_router,2,-0.001725362497381866,0.01158209890127182,4
9,model.global_transformer.layers.9.feed_forward.patch_length_router,3,-0.0073352959007024765,-0.006992778740823269,2
9,model.global_transformer.layers.9.feed_forward.patch_length_router,4,-0.01238930132240057,-0.006414508447051048,0
9,model.global_transformer.layers.9.feed_forward.patch_length_router,5,0.007521804887801409,0.0012555010616779327,6
9,model.global_transformer.layers.9.feed_forward.patch_length_router,6,0.003111302386969328,-0.005680739413946867,5
9,model.global_transformer.layers.9.feed_forward.patch_length_router,7,-0.002224105643108487,0.0002687596424948424,3
