layer,base_key,slope_std,bias_std,top2_same_pair_fraction_on_entropy_grid,top1_fraction_by_expert,top2_fraction_by_expert
0,model.global_transformer.layers.0.feed_forward.patch_feature_router,0.02025575563311577,0.0166682917624712,0.007481296758104738,"[0.0, 0.0, 0.8578553795814514, 0.0, 0.0, 0.0, 0.14214463531970978, 0.0]","[0.1371571123600006, 0.06234414130449295, 0.4875311851501465, 0.0037406482733786106, 0.01246882788836956, 0.031172070652246475, 0.24563591182231903, 0.019950125366449356]"
0,model.global_transformer.layers.0.feed_forward.patch_length_router,0.02025575563311577,0.0166682917624712,0.007481296758104738,"[0.0, 0.0, 0.8578553795814514, 0.0, 0.0, 0.0, 0.14214463531970978, 0.0]","[0.1371571123600006, 0.06234414130449295, 0.4875311851501465, 0.0037406482733786106, 0.01246882788836956, 0.031172070652246475, 0.24563591182231903, 0.019950125366449356]"
1,model.global_transformer.layers.1.feed_forward.patch_feature_router,0.012549679726362228,0.011373469606041908,0.44139650872817954,"[0.0, 0.0, 0.0, 0.0, 0.0, 0.0, 0.25436410307884216, 0.7456359267234802]","[0.2793017327785492, 0.0, 0.0, 0.0, 0.0, 0.0, 0.2206982523202896, 0.5]"
1,model.global_transformer.layers.1.feed_forward.patch_length_router,0.012549679726362228,0.011373469606041908,0.44139650872817954,"[0.0, 0.0, 0.0, 0.0, 0.0, 0.0, 0.25436410307884216, 0.7456359267234802]","[0.2793017327785492, 0.0, 0.0, 0.0, 0.0, 0.0, 0.2206982523202896, 0.5]"
10,model.global_transformer.layers.10.feed_forward.patch_feature_router,0.004557471722364426,0.005070562940090895,0.6783042394014963,"[0.0, 0.0, 0.0, 0.0, 0.8329176902770996, 0.0, 0.1670822948217392, 0.0]","[0.0, 0.0, 0.0, 0.0, 0.4463840425014496, 0.39276808500289917, 0.16084788739681244, 0.0]"
10,model.global_transformer.layers.10.feed_forward.patch_length_router,0.004557471722364426,0.005070562940090895,0.6783042394014963,"[0.0, 0.0, 0.0, 0.0, 0.8329176902770996, 0.0, 0.1670822948217392, 0.0]","[0.0, 0.0, 0.0, 0.0, 0.4463840425014496, 0.39276808500289917, 0.16084788739681244, 0.0]"
11,model.global_transformer.layers.11.feed_forward.patch_feature_router,0.011492016725242138,0.015642207115888596,0.0,"[0.22942642867565155, 0.0, 0.0, 0.7705735564231873, 0.0, 0.0, 0.0, 0.0]","[0.18827930092811584, 0.3079800605773926, 0.0, 0.4002493619918823, 0.0, 0.0, 0.10349126905202866, 0.0]"
11,model.global_transformer.layers.11.feed_forward.patch_length_router,0.011492016725242138,0.015642207115888596,0.0,"[0.22942642867565155, 0.0, 0.0, 0.7705735564231873, 0.0, 0.0, 0.0, 0.0]","[0.18827930092811584, 0.3079800605773926, 0.0, 0.4002493619918823, 0.0, 0.0, 0.10349126905202866, 0.0]"
12,model.global_transformer.layers.12.feed_forward.patch_feature_router,0.006110781338065863,0.004868446383625269,0.07231920199501247,"[0.0, 0.0, 0.0, 0.0, 0.0, 0.0, 0.2793017327785492, 0.7206982374191284]","[0.0, 0.0, 0.28304240107536316, 0.0, 0.1807980090379715, 0.0, 0.17456358671188354, 0.361596018075943]"
12,model.global_transformer.layers.12.feed_forward.patch_length_router,0.006110781338065863,0.004868446383625269,0.07231920199501247,"[0.0, 0.0, 0.0, 0.0, 0.0, 0.0, 0.2793017327785492, 0.7206982374191284]","[0.0, 0.0, 0.28304240107536316, 0.0, 0.1807980090379715, 0.0, 0.17456358671188354, 0.361596018075943]"
13,model.global_transformer.layers.13.feed_forward.patch_feature_router,0.0050255912356078625,0.0027934566605836153,0.0,"[0.0, 0.0, 0.0024937656708061695, 0.0, 0.9975062608718872, 0.0, 0.0, 0.0]","[0.0, 0.0, 0.5, 0.0, 0.5, 0.0, 0.0, 0.0]"
13,model.global_transformer.layers.13.feed_forward.patch_length_router,0.0050255912356078625,0.0027934566605836153,0.0,"[0.0, 0.0, 0.0024937656708061695, 0.0, 0.9975062608718872, 0.0, 0.0, 0.0]","[0.0, 0.0, 0.5, 0.0, 0.5, 0.0, 0.0, 0.0]"
14,model.global_transformer.layers.14.feed_forward.patch_feature_router,0.0019647248554974794,0.0036633575800806284,0.0,"[0.0, 0.0, 0.0, 0.0, 1.0, 0.0, 0.0, 0.0]","[0.0, 0.0, 0.5, 0.0, 0.5, 0.0, 0.0, 0.0]"
14,model.global_transformer.layers.14.feed_forward.patch_length_router,0.0019647248554974794,0.0036633575800806284,0.0,"[0.0, 0.0, 0.0, 0.0, 1.0, 0.0, 0.0, 0.0]","[0.0, 0.0, 0.5, 0.0, 0.5, 0.0, 0.0, 0.0]"
15,model.global_transformer.layers.15.feed_forward.patch_feature_router,0.01180287916213274,0.013408771716058254,0.0,"[0.0, 0.0, 0.0, 0.0, 1.0, 0.0, 0.0, 0.0]","[0.0, 0.0, 0.0, 0.0, 0.5, 0.0, 0.30049875378608704, 0.19950124621391296]"
15,model.global_transformer.layers.15.feed_forward.patch_length_router,0.01180287916213274,0.013408771716058254,0.0,"[0.0, 0.0, 0.0, 0.0, 1.0, 0.0, 0.0, 0.0]","[0.0, 0.0, 0.0, 0.0, 0.5, 0.0, 0.30049875378608704, 0.19950124621391296]"
16,model.global_transformer.layers.16.feed_forward.patch_feature_router,0.003814991330727935,0.0037024852354079485,0.0,"[0.0, 0.5635910034179688, 0.0, 0.0, 0.0, 0.0, 0.0, 0.43640896677970886]","[0.0, 0.5, 0.0, 0.0, 0.0, 0.0, 0.0, 0.5]"
16,model.global_transformer.layers.16.feed_forward.patch_length_router,0.003814991330727935,0.0037024852354079485,0.0,"[0.0, 0.5635910034179688, 0.0, 0.0, 0.0, 0.0, 0.0, 0.43640896677970886]","[0.0, 0.5, 0.0, 0.0, 0.0, 0.0, 0.0, 0.5]"
17,model.global_transformer.layers.17.feed_forward.patch_feature_router,0.0026559187099337578,0.004336206242442131,0.0,"[0.0, 1.0, 0.0, 0.0, 0.0, 0.0, 0.0, 0.0]","[0.0, 0.5, 0.5, 0.0, 0.0, 0.0, 0.0, 0.0]"
17,model.global_transformer.layers.17.feed_forward.patch_length_router,0.0026559187099337578,0.004336206242442131,0.0,"[0.0, 1.0, 0.0, 0.0, 0.0, 0.0, 0.0, 0.0]","[0.0, 0.5, 0.5, 0.0, 0.0, 0.0, 0.0, 0.0]"
18,model.global_transformer.layers.18.feed_forward.patch_feature_router,0.012311925180256367,0.025074796751141548,0.0,"[0.0, 0.0, 0.0, 0.0, 0.0, 1.0, 0.0, 0.0]","[0.40648379921913147, 0.0, 0.0, 0.08852867782115936, 0.0, 0.5, 0.0, 0.004987531341612339]"
18,model.global_transformer.layers.18.feed_forward.patch_length_router,0.012311925180256367,0.025074796751141548,0.0,"[0.0, 0.0, 0.0, 0.0, 0.0, 1.0, 0.0, 0.0]","[0.40648379921913147, 0.0, 0.0, 0.08852867782115936, 0.0, 0.5, 0.0, 0.004987531341612339]"
19,model.global_transformer.layers.19.feed_forward.patch_feature_router,0.014005210250616074,0.020755818113684654,0.18703241895261846,"[0.6832917928695679, 0.0, 0.0, 0.3167082369327545, 0.0, 0.0, 0.0, 0.0]","[0.3603491187095642, 0.23316708207130432, 0.0, 0.40648379921913147, 0.0, 0.0, 0.0, 0.0]"
19,model.global_transformer.layers.19.feed_forward.patch_length_router,0.014005210250616074,0.020755818113684654,0.18703241895261846,"[0.6832917928695679, 0.0, 0.0, 0.3167082369327545, 0.0, 0.0, 0.0, 0.0]","[0.3603491187095642, 0.23316708207130432, 0.0, 0.40648379921913147, 0.0, 0.0, 0.0, 0.0]"
2,model.global_transformer.layers.2.feed_forward.patch_feature_router,0.0074238963425159454,0.01091320812702179,0.0,"[0.0, 0.0, 0.0, 0.0, 0.0, 0.8728179335594177, 0.12718205153942108, 0.0]","[0.0, 0.0, 0.0, 0.0, 0.0, 0.5, 0.5, 0.0]"
2,model.global_transformer.layers.2.feed_forward.patch_length_router,0.0074238963425159454,0.01091320812702179,0.0,"[0.0, 0.0, 0.0, 0.0, 0.0, 0.8728179335594177, 0.12718205153942108, 0.0]","[0.0, 0.0, 0.0, 0.0, 0.0, 0.5, 0.5, 0.0]"
20,model.global_transformer.layers.20.feed_forward.patch_feature_router,0.019972899928689003,0.012074456550180912,0.12967581047381546,"[0.0, 0.0, 0.07730673253536224, 0.0, 0.0, 0.0, 0.9226932525634766, 0.0]","[0.0, 0.0, 0.24314214289188385, 0.0, 0.09351620823144913, 0.10224439203739166, 0.4962593615055084, 0.06483790278434753]"
20,model.global_transformer.layers.20.feed_forward.patch_length_router,0.019972899928689003,0.012074456550180912,0.12967581047381546,"[0.0, 0.0, 0.07730673253536224, 0.0, 0.0, 0.0, 0.9226932525634766, 0.0]","[0.0, 0.0, 0.24314214289188385, 0.0, 0.09351620823144913, 0.10224439203739166, 0.4962593615055084, 0.06483790278434753]"
21,model.global_transformer.layers.21.feed_forward.patch_feature_router,0.003766336478292942,0.004230700433254242,0.0,"[0.0, 0.0, 0.0, 0.0, 0.0024937656708061695, 0.0, 0.9975062608718872, 0.0]","[0.0, 0.0, 0.0, 0.04862842708826065, 0.45137158036231995, 0.0, 0.5, 0.0]"
21,model.global_transformer.layers.21.feed_forward.patch_length_router,0.003766336478292942,0.004230700433254242,0.0,"[0.0, 0.0, 0.0, 0.0, 0.0024937656708061695, 0.0, 0.9975062608718872, 0.0]","[0.0, 0.0, 0.0, 0.04862842708826065, 0.45137158036231995, 0.0, 0.5, 0.0]"
22,model.global_transformer.layers.22.feed_forward.patch_feature_router,0.009589079767465591,0.009212152101099491,0.0,"[0.0, 0.04488778114318848, 0.0, 0.0, 0.0, 0.9551122188568115, 0.0, 0.0]","[0.0, 0.5, 0.0, 0.0, 0.0, 0.5, 0.0, 0.0]"
22,model.global_transformer.layers.22.feed_forward.patch_length_router,0.009589079767465591,0.009212152101099491,0.0,"[0.0, 0.04488778114318848, 0.0, 0.0, 0.0, 0.9551122188568115, 0.0, 0.0]","[0.0, 0.5, 0.0, 0.0, 0.0, 0.5, 0.0, 0.0]"
23,model.global_transformer.layers.23.feed_forward.patch_feature_router,0.01554403267800808,0.015522024594247341,0.3491271820448878,"[0.0, 1.0, 0.0, 0.0, 0.0, 0.0, 0.0, 0.0]","[0.17456358671188354, 0.5, 0.0, 0.32543641328811646, 0.0, 0.0, 0.0, 0.0]"
23,model.global_transformer.layers.23.feed_forward.patch_length_router,0.01554403267800808,0.015522024594247341,0.3491271820448878,"[0.0, 1.0, 0.0, 0.0, 0.0, 0.0, 0.0, 0.0]","[0.17456358671188354, 0.5, 0.0, 0.32543641328811646, 0.0, 0.0, 0.0, 0.0]"
24,model.global_transformer.layers.24.feed_forward.patch_feature_router,0.0028878136072307825,0.003492138348519802,0.0,"[0.0, 0.0, 1.0, 0.0, 0.0, 0.0, 0.0, 0.0]","[0.0, 0.0, 0.5, 0.0, 0.0, 0.0, 0.5, 0.0]"
24,model.global_transformer.layers.24.feed_forward.patch_length_router,0.0028878136072307825,0.003492138348519802,0.0,"[0.0, 0.0, 1.0, 0.0, 0.0, 0.0, 0.0, 0.0]","[0.0, 0.0, 0.5, 0.0, 0.0, 0.0, 0.5, 0.0]"
3,model.global_transformer.layers.3.feed_forward.patch_feature_router,0.0130168991163373,0.020987285301089287,0.0,"[0.0, 1.0, 0.0, 0.0, 0.0, 0.0, 0.0, 0.0]","[0.0, 0.5, 0.0, 0.07107231765985489, 0.0, 0.031172070652246475, 0.39276808500289917, 0.004987531341612339]"
3,model.global_transformer.layers.3.feed_forward.patch_length_router,0.0130168991163373,0.020987285301089287,0.0,"[0.0, 1.0, 0.0, 0.0, 0.0, 0.0, 0.0, 0.0]","[0.0, 0.5, 0.0, 0.07107231765985489, 0.0, 0.031172070652246475, 0.39276808500289917, 0.004987531341612339]"
4,model.global_transformer.layers.4.feed_forward.patch_feature_router,0.014197396114468575,0.012408564798533916,0.0,"[0.0, 0.0, 0.7431421279907227, 0.0, 0.0, 0.014962593093514442, 0.042394015938043594, 0.19950124621391296]","[0.0, 0.0, 0.38279300928115845, 0.0, 0.0, 0.11720698326826096, 0.39775562286376953, 0.10224439203739166]"
4,model.global_transformer.layers.4.feed_forward.patch_length_router,0.014197396114468575,0.012408564798533916,0.0,"[0.0, 0.0, 0.7431421279907227, 0.0, 0.0, 0.014962593093514442, 0.042394015938043594, 0.19950124621391296]","[0.0, 0.0, 0.38279300928115845, 0.0, 0.0, 0.11720698326826096, 0.39775562286376953, 0.10224439203739166]"
5,model.global_transformer.layers.5.feed_forward.patch_feature_router,0.011026938445866108,0.010469079948961735,0.0,"[0.0, 0.0, 0.0, 0.0, 0.0, 0.7556109428405762, 0.24438902735710144, 0.0]","[0.03990025073289871, 0.0012468828354030848, 0.17206983268260956, 0.0, 0.0, 0.45137158036231995, 0.3354114592075348, 0.0]"
5,model.global_transformer.layers.5.feed_forward.patch_length_router,0.011026938445866108,0.010469079948961735,0.0,"[0.0, 0.0, 0.0, 0.0, 0.0, 0.7556109428405762, 0.24438902735710144, 0.0]","[0.03990025073289871, 0.0012468828354030848, 0.17206983268260956, 0.0, 0.0, 0.45137158036231995, 0.3354114592075348, 0.0]"
6,model.global_transformer.layers.6.feed_forward.patch_feature_router,0.002941981190815568,0.003941895440220833,0.0,"[0.0, 0.0, 0.0, 0.0, 0.0, 0.8603491187095642, 0.1396508663892746, 0.0]","[0.0, 0.0, 0.0, 0.0, 0.0, 0.5, 0.5, 0.0]"
6,model.global_transformer.layers.6.feed_forward.patch_length_router,0.002941981190815568,0.003941895440220833,0.0,"[0.0, 0.0, 0.0, 0.0, 0.0, 0.8603491187095642, 0.1396508663892746, 0.0]","[0.0, 0.0, 0.0, 0.0, 0.0, 0.5, 0.5, 0.0]"
7,model.global_transformer.layers.7.feed_forward.patch_feature_router,0.03037414513528347,0.015627266839146614,0.44139650872817954,"[0.0, 0.0, 0.0, 0.0, 0.0, 0.0, 0.0, 1.0]","[0.0, 0.0, 0.0, 0.10349126905202866, 0.15835411846637726, 0.017456358298659325, 0.2206982523202896, 0.5]"
7,model.global_transformer.layers.7.feed_forward.patch_length_router,0.03037414513528347,0.015627266839146614,0.44139650872817954,"[0.0, 0.0, 0.0, 0.0, 0.0, 0.0, 0.0, 1.0]","[0.0, 0.0, 0.0, 0.10349126905202866, 0.15835411846637726, 0.017456358298659325, 0.2206982523202896, 0.5]"
8,model.global_transformer.layers.8.feed_forward.patch_feature_router,0.007820205762982368,0.011199912056326866,0.0,"[0.0, 1.0, 0.0, 0.0, 0.0, 0.0, 0.0, 0.0]","[0.0, 0.5, 0.4326683282852173, 0.02369077317416668, 0.0024937656708061695, 0.0024937656708061695, 0.0037406482733786106, 0.03491271659731865]"
8,model.global_transformer.layers.8.feed_forward.patch_length_router,0.007820205762982368,0.011199912056326866,0.0,"[0.0, 1.0, 0.0, 0.0, 0.0, 0.0, 0.0, 0.0]","[0.0, 0.5, 0.4326683282852173, 0.02369077317416668, 0.0024937656708061695, 0.0024937656708061695, 0.0037406482733786106, 0.03491271659731865]"
9,model.global_transformer.layers.9.feed_forward.patch_feature_router,0.007711857091635466,0.005632731132209301,0.0,"[0.0, 0.7655860185623169, 0.2344139665365219, 0.0, 0.0, 0.0, 0.0, 0.0]","[0.0, 0.4289276897907257, 0.1396508663892746, 0.0, 0.0, 0.4314214587211609, 0.0, 0.0]"
9,model.global_transformer.layers.9.feed_forward.patch_length_router,0.007711857091635466,0.005632731132209301,0.0,"[0.0, 0.7655860185623169, 0.2344139665365219, 0.0, 0.0, 0.0, 0.0, 0.0]","[0.0, 0.4289276897907257, 0.1396508663892746, 0.0, 0.0, 0.4314214587211609, 0.0, 0.0]"
