layer,matrix,expert_i,expert_j,same_original_pair,cosine_distance
0,w1,0,1,1,0.9848499298095703
0,w1,0,2,0,0.004422605037689209
0,w1,0,3,0,0.9849299788475037
0,w1,0,4,0,0.0037305355072021484
0,w1,0,5,0,0.9848130345344543
0,w1,0,6,0,0.0038422346115112305
0,w1,0,7,0,0.9848958849906921
0,w1,1,2,0,0.9847387671470642
0,w1,1,3,0,0.0036855340003967285
0,w1,1,4,0,0.9847514033317566
0,w1,1,5,0,0.0035892724990844727
0,w1,1,6,0,0.9848641753196716
0,w1,1,7,0,0.0016898512840270996
0,w1,2,3,1,0.9848180413246155
0,w1,2,4,0,0.0037401318550109863
0,w1,2,5,0,0.9847097992897034
0,w1,2,6,0,0.0058155059814453125
0,w1,2,7,0,0.9847866296768188
0,w1,3,4,0,0.9848265647888184
0,w1,3,5,0,0.00567251443862915
0,w1,3,6,0,0.9849392771720886
0,w1,3,7,0,0.00457763671875
0,w1,4,5,1,0.9847181439399719
0,w1,4,6,0,0.003952324390411377
0,w1,4,7,0,0.9847879409790039
0,w1,5,6,0,0.984825849533081
0,w1,5,7,0,0.004455089569091797
0,w1,6,7,1,0.9849109649658203
0,w2,0,1,1,1.0000462532043457
0,w2,0,2,0,0.0013080239295959473
0,w2,0,3,0,1.000068187713623
0,w2,0,4,0,0.0010583996772766113
0,w2,0,5,0,1.0000399351119995
0,w2,0,6,0,0.0010952949523925781
0,w2,0,7,0,1.0000431537628174
0,w2,1,2,0,1.000047206878662
0,w2,1,3,0,0.0010486245155334473
0,w2,1,4,0,1.0000455379486084
0,w2,1,5,0,0.001007080078125
0,w2,1,6,0,1.0000361204147339
0,w2,1,7,0,0.00038999319076538086
0,w2,2,3,1,1.0000702142715454
0,w2,2,4,0,0.0010770559310913086
0,w2,2,5,0,1.0000423192977905
0,w2,2,6,0,0.001761019229888916
0,w2,2,7,0,1.0000433921813965
0,w2,3,4,0,1.0000697374343872
0,w2,3,5,0,0.0017096996307373047
0,w2,3,6,0,1.0000566244125366
0,w2,3,7,0,0.0013356208801269531
0,w2,4,5,1,1.0000393390655518
0,w2,4,6,0,0.0011391043663024902
0,w2,4,7,0,1.0000404119491577
0,w2,5,6,0,1.0000293254852295
0,w2,5,7,0,0.0012918710708618164
0,w2,6,7,1,1.0000317096710205
0,w3,0,1,1,0.9992102980613708
0,w3,0,2,0,0.006291389465332031
0,w3,0,3,0,0.9991216659545898
0,w3,0,4,0,0.0052986741065979
0,w3,0,5,0,0.9991608262062073
0,w3,0,6,0,0.005308330059051514
0,w3,0,7,0,0.9992256164550781
0,w3,1,2,0,0.9991897940635681
0,w3,1,3,0,0.005306720733642578
0,w3,1,4,0,0.9992719888687134
0,w3,1,5,0,0.0051174163818359375
0,w3,1,6,0,0.999177873134613
0,w3,1,7,0,0.002537667751312256
0,w3,2,3,1,0.9990949034690857
0,w3,2,4,0,0.005431532859802246
0,w3,2,5,0,0.9991487860679626
0,w3,2,6,0,0.008265554904937744
0,w3,2,7,0,0.9992064833641052
0,w3,3,4,0,0.9991718530654907
0,w3,3,5,0,0.007987439632415771
0,w3,3,6,0,0.9990666508674622
0,w3,3,7,0,0.006560325622558594
0,w3,4,5,1,0.9992222785949707
0,w3,4,6,0,0.005630910396575928
0,w3,4,7,0,0.999289870262146
0,w3,5,6,0,0.9991326928138733
0,w3,5,7,0,0.0063124895095825195
0,w3,6,7,1,0.999194324016571
1,w1,0,1,1,0.9882957935333252
1,w1,0,2,0,0.0004067420959472656
1,w1,0,3,0,0.9881858825683594
1,w1,0,4,0,0.0036261677742004395
1,w1,0,5,0,0.9881327152252197
1,w1,0,6,0,0.0034465789794921875
1,w1,0,7,0,0.988256573677063
1,w1,1,2,0,0.9883144497871399
1,w1,1,3,0,0.00389254093170166
1,w1,1,4,0,0.9883365631103516
1,w1,1,5,0,0.0035670995712280273
1,w1,1,6,0,0.9883623719215393
1,w1,1,7,0,0.003962218761444092
1,w1,2,3,1,0.9882013201713562
1,w1,2,4,0,0.003529965877532959
1,w1,2,5,0,0.9881500005722046
1,w1,2,6,0,0.0033379197120666504
1,w1,2,7,0,0.9882767200469971
1,w1,3,4,0,0.9882299900054932
1,w1,3,5,0,0.0009884238243103027
1,w1,3,6,0,0.9882551431655884
1,w1,3,7,0,0.0038118362426757812
1,w1,4,5,1,0.9881755709648132
1,w1,4,6,0,0.005570352077484131
1,w1,4,7,0,0.9883015751838684
1,w1,5,6,0,0.9881994724273682
1,w1,5,7,0,0.0034917593002319336
1,w1,6,7,1,0.9883292317390442
1,w2,0,1,1,1.0002288818359375
1,w2,0,2,0,-3.8743019104003906e-05
1,w2,0,3,0,1.0002294778823853
1,w2,0,4,0,0.000988304615020752
1,w2,0,5,0,1.0002280473709106
1,w2,0,6,0,0.0009208321571350098
1,w2,0,7,0,1.0002144575119019
1,w2,1,2,0,1.000226378440857
1,w2,1,3,0,0.001091599464416504
1,w2,1,4,0,1.0002011060714722
1,w2,1,5,0,0.0009868144989013672
1,w2,1,6,0,1.0001925230026245
1,w2,1,7,0,0.0011072158813476562
1,w2,2,3,1,1.0002272129058838
1,w2,2,4,0,0.0009647607803344727
1,w2,2,5,0,1.0002256631851196
1,w2,2,6,0,0.0008847713470458984
1,w2,2,7,0,1.0002117156982422
1,w2,3,4,0,1.0002031326293945
1,w2,3,5,0,0.00015348196029663086
1,w2,3,6,0,1.0001951456069946
1,w2,3,7,0,0.0010672807693481445
1,w2,4,5,1,1.000200867652893
1,w2,4,6,0,0.0015929937362670898
1,w2,4,7,0,1.0001879930496216
1,w2,5,6,0,1.0001931190490723
1,w2,5,7,0,0.000961005687713623
1,w2,6,7,1,1.000179648399353
1,w3,0,1,1,0.9996416568756104
1,w3,0,2,0,0.0006172657012939453
1,w3,0,3,0,0.9996538758277893
1,w3,0,4,0,0.004802107810974121
1,w3,0,5,0,0.9996759295463562
1,w3,0,6,0,0.004458427429199219
1,w3,0,7,0,0.9997059106826782
1,w3,1,2,0,0.9996291399002075
1,w3,1,3,0,0.005111575126647949
1,w3,1,4,0,0.9996094107627869
1,w3,1,5,0,0.004674434661865234
1,w3,1,6,0,0.999692440032959
1,w3,1,7,0,0.005185961723327637
1,w3,2,3,1,0.9996434450149536
1,w3,2,4,0,0.004665255546569824
1,w3,2,5,0,0.9996642470359802
1,w3,2,6,0,0.004306375980377197
1,w3,2,7,0,0.9996960163116455
1,w3,3,4,0,0.999625027179718
1,w3,3,5,0,0.0013905763626098633
1,w3,3,6,0,0.9997086524963379
1,w3,3,7,0,0.005030453205108643
1,w3,4,5,1,0.9996477961540222
1,w3,4,6,0,0.0071904659271240234
1,w3,4,7,0,0.9996682405471802
1,w3,5,6,0,0.9997280836105347
1,w3,5,7,0,0.004597783088684082
1,w3,6,7,1,0.9997623562812805
2,w1,0,1,1,0.9918273687362671
2,w1,0,2,0,6.520748138427734e-05
2,w1,0,3,0,0.9918935298919678
2,w1,0,4,0,0.0004826784133911133
2,w1,0,5,0,0.9918609857559204
2,w1,0,6,0,0.003050088882446289
2,w1,0,7,0,0.9918356537818909
2,w1,1,2,0,0.9918280839920044
2,w1,1,3,0,0.0034105777740478516
2,w1,1,4,0,0.9918177127838135
2,w1,1,5,0,0.003352224826812744
2,w1,1,6,0,0.9918062090873718
2,w1,1,7,0,0.0003656148910522461
2,w1,2,3,1,0.9918941259384155
2,w1,2,4,0,0.0005425214767456055
2,w1,2,5,0,0.9918645620346069
2,w1,2,6,0,0.0031021833419799805
2,w1,2,7,0,0.9918365478515625
2,w1,3,4,0,0.9918807744979858
2,w1,3,5,0,0.00286102294921875
2,w1,3,6,0,0.9918646216392517
2,w1,3,7,0,0.003244638442993164
2,w1,4,5,1,0.9918515086174011
2,w1,4,6,0,0.0035063624382019043
2,w1,4,7,0,0.9918243288993835
2,w1,5,6,0,0.9918303489685059
2,w1,5,7,0,0.0032311677932739258
2,w1,6,7,1,0.9918143153190613
2,w2,0,1,1,1.0001555681228638
2,w2,0,2,0,-0.00015628337860107422
2,w2,0,3,0,1.0001654624938965
2,w2,0,4,0,-7.62939453125e-06
2,w2,0,5,0,1.0001269578933716
2,w2,0,6,0,0.0008603930473327637
2,w2,0,7,0,1.0001682043075562
2,w2,1,2,0,1.0001596212387085
2,w2,1,3,0,0.0009348392486572266
2,w2,1,4,0,1.000154733657837
2,w2,1,5,0,0.0009006261825561523
2,w2,1,6,0,1.000149130821228
2,w2,1,7,0,-5.745887756347656e-05
2,w2,2,3,1,1.0001695156097412
2,w2,2,4,0,1.0669231414794922e-05
2,w2,2,5,0,1.0001314878463745
2,w2,2,6,0,0.0008731484413146973
2,w2,2,7,0,1.0001722574234009
2,w2,3,4,0,1.0001649856567383
2,w2,3,5,0,0.0007470846176147461
2,w2,3,6,0,1.000160813331604
2,w2,3,7,0,0.0008815526962280273
2,w2,4,5,1,1.0001264810562134
2,w2,4,6,0,0.0010155439376831055
2,w2,4,7,0,1.0001674890518188
2,w2,5,6,0,1.0001213550567627
2,w2,5,7,0,0.000865638256072998
2,w2,6,7,1,1.0001617670059204
2,w3,0,1,1,0.9996507167816162
2,w3,0,2,0,0.00014317035675048828
2,w3,0,3,0,0.999684751033783
2,w3,0,4,0,0.0006906986236572266
2,w3,0,5,0,0.9997419714927673
2,w3,0,6,0,0.003997683525085449
2,w3,0,7,0,0.999606728553772
2,w3,1,2,0,0.9996363520622253
2,w3,1,3,0,0.004319429397583008
2,w3,1,4,0,0.9996668100357056
2,w3,1,5,0,0.004279613494873047
2,w3,1,6,0,0.9997014403343201
2,w3,1,7,0,0.0005092620849609375
2,w3,2,3,1,0.9996721148490906
2,w3,2,4,0,0.0007605552673339844
2,w3,2,5,0,0.9997289776802063
2,w3,2,6,0,0.004063785076141357
2,w3,2,7,0,0.9995944499969482
2,w3,3,4,0,0.9996992945671082
2,w3,3,5,0,0.0036232471466064453
2,w3,3,6,0,0.9997259974479675
2,w3,3,7,0,0.004102766513824463
2,w3,4,5,1,0.9997565746307373
2,w3,4,6,0,0.004593372344970703
2,w3,4,7,0,0.9996266961097717
2,w3,5,6,0,0.9997816681861877
2,w3,5,7,0,0.004132986068725586
2,w3,6,7,1,0.999652624130249
3,w1,0,1,1,0.9915664196014404
3,w1,0,2,0,0.003919720649719238
3,w1,0,3,0,0.9916725754737854
3,w1,0,4,0,0.0039479732513427734
3,w1,0,5,0,0.9916536808013916
3,w1,0,6,0,0.003905773162841797
3,w1,0,7,0,0.9916847944259644
3,w1,1,2,0,0.9915407299995422
3,w1,1,3,0,0.004880011081695557
3,w1,1,4,0,0.9915800094604492
3,w1,1,5,0,0.005578219890594482
3,w1,1,6,0,0.9916142821311951
3,w1,1,7,0,0.005736231803894043
3,w1,2,3,1,0.9916521310806274
3,w1,2,4,0,0.004944920539855957
3,w1,2,5,0,0.9916281700134277
3,w1,2,6,0,0.0045844316482543945
3,w1,2,7,0,0.9916490912437439
3,w1,3,4,0,0.9916889071464539
3,w1,3,5,0,0.005634188652038574
3,w1,3,6,0,0.9917175769805908
3,w1,3,7,0,0.005528688430786133
3,w1,4,5,1,0.9916549921035767
3,w1,4,6,0,0.004624307155609131
3,w1,4,7,0,0.9916892051696777
3,w1,5,6,0,0.9916903376579285
3,w1,5,7,0,0.005968034267425537
3,w1,6,7,1,0.9917183518409729
3,w2,0,1,1,0.9997654557228088
3,w2,0,2,0,0.001208662986755371
3,w2,0,3,0,0.9997573494911194
3,w2,0,4,0,0.0012211799621582031
3,w2,0,5,0,0.9997722506523132
3,w2,0,6,0,0.0012055039405822754
3,w2,0,7,0,0.9997578263282776
3,w2,1,2,0,0.9997129440307617
3,w2,1,3,0,0.0015270113945007324
3,w2,1,4,0,0.9997299909591675
3,w2,1,5,0,0.0017750263214111328
3,w2,1,6,0,0.99973464012146
3,w2,1,7,0,0.0018290281295776367
3,w2,2,3,1,0.9997051358222961
3,w2,2,4,0,0.0015696883201599121
3,w2,2,5,0,0.9997209310531616
3,w2,2,6,0,0.001439511775970459
3,w2,2,7,0,0.9997031688690186
3,w2,3,4,0,0.9997220635414124
3,w2,3,5,0,0.0017889738082885742
3,w2,3,6,0,0.9997269511222839
3,w2,3,7,0,0.001752614974975586
3,w2,4,5,1,0.9997362494468689
3,w2,4,6,0,0.0014522075653076172
3,w2,4,7,0,0.9997192621231079
3,w2,5,6,0,0.9997420907020569
3,w2,5,7,0,0.0019087791442871094
3,w2,6,7,1,0.999724268913269
3,w3,0,1,1,0.9992989301681519
3,w3,0,2,0,0.005400657653808594
3,w3,0,3,0,0.9992671012878418
3,w3,0,4,0,0.00541156530380249
3,w3,0,5,0,0.9992550611495972
3,w3,0,6,0,0.005351543426513672
3,w3,0,7,0,0.9991822242736816
3,w3,1,2,0,0.9991976618766785
3,w3,1,3,0,0.006540894508361816
3,w3,1,4,0,0.9992760419845581
3,w3,1,5,0,0.007532656192779541
3,w3,1,6,0,0.9992343187332153
3,w3,1,7,0,0.0077457427978515625
3,w3,2,3,1,0.999186098575592
3,w3,2,4,0,0.0067008137702941895
3,w3,2,5,0,0.9991663694381714
3,w3,2,6,0,0.0062212347984313965
3,w3,2,7,0,0.999088704586029
3,w3,3,4,0,0.999245285987854
3,w3,3,5,0,0.007583260536193848
3,w3,3,6,0,0.9992106556892395
3,w3,3,7,0,0.007458627223968506
3,w3,4,5,1,0.9992220997810364
3,w3,4,6,0,0.006260991096496582
3,w3,4,7,0,0.9991617798805237
3,w3,5,6,0,0.9991913437843323
3,w3,5,7,0,0.008100032806396484
3,w3,6,7,1,0.9991170763969421
4,w1,0,1,1,0.9930481314659119
4,w1,0,2,0,0.0038118362426757812
4,w1,0,3,0,0.9930385947227478
4,w1,0,4,0,0.001692056655883789
4,w1,0,5,0,0.99303138256073
4,w1,0,6,0,0.0038832426071166992
4,w1,0,7,0,0.993044912815094
4,w1,1,2,0,0.9930403232574463
4,w1,1,3,0,0.005786418914794922
4,w1,1,4,0,0.9930594563484192
4,w1,1,5,0,0.005295872688293457
4,w1,1,6,0,0.9930537939071655
4,w1,1,7,0,0.005294084548950195
4,w1,2,3,1,0.9930341839790344
4,w1,2,4,0,0.004053354263305664
4,w1,2,5,0,0.993012547492981
4,w1,2,6,0,0.0038765668869018555
4,w1,2,7,0,0.9930437207221985
4,w1,3,4,0,0.9930527806282043
4,w1,3,5,0,0.0056525468826293945
4,w1,3,6,0,0.9930391907691956
4,w1,3,7,0,0.005716800689697266
4,w1,4,5,1,0.9930352568626404
4,w1,4,6,0,0.0041283369064331055
4,w1,4,7,0,0.9930555820465088
4,w1,5,6,0,0.9930232763290405
4,w1,5,7,0,0.005093872547149658
4,w1,6,7,1,0.9930478930473328
4,w2,0,1,1,1.0001906156539917
4,w2,0,2,0,0.0010903477668762207
4,w2,0,3,0,1.0002198219299316
4,w2,0,4,0,0.000395357608795166
4,w2,0,5,0,1.0002213716506958
4,w2,0,6,0,0.0011101961135864258
4,w2,0,7,0,1.0001875162124634
4,w2,1,2,0,1.0001803636550903
4,w2,1,3,0,0.0017433762550354004
4,w2,1,4,0,1.0001916885375977
4,w2,1,5,0,0.0015875697135925293
4,w2,1,6,0,1.000180721282959
4,w2,1,7,0,0.0015883445739746094
4,w2,2,3,1,1.0002096891403198
4,w2,2,4,0,0.001170039176940918
4,w2,2,5,0,1.000212550163269
4,w2,2,6,0,0.0011150240898132324
4,w2,2,7,0,1.0001786947250366
4,w2,3,4,0,1.0002223253250122
4,w2,3,5,0,0.0016988515853881836
4,w2,3,6,0,1.0002073049545288
4,w2,3,7,0,0.0017246007919311523
4,w2,4,5,1,1.0002248287200928
4,w2,4,6,0,0.0011954307556152344
4,w2,4,7,0,1.0001894235610962
4,w2,5,6,0,1.0002093315124512
4,w2,5,7,0,0.001517176628112793
4,w2,6,7,1,1.0001765489578247
4,w3,0,1,1,0.9998397827148438
4,w3,0,2,0,0.004877328872680664
4,w3,0,3,0,0.9998858571052551
4,w3,0,4,0,0.0022662878036499023
4,w3,0,5,0,0.9998792409896851
4,w3,0,6,0,0.004982173442840576
4,w3,0,7,0,0.9999143481254578
4,w3,1,2,0,0.9998137950897217
4,w3,1,3,0,0.007403135299682617
4,w3,1,4,0,0.9998024702072144
4,w3,1,5,0,0.006719410419464111
4,w3,1,6,0,0.9998680353164673
4,w3,1,7,0,0.006721854209899902
4,w3,2,3,1,0.999871551990509
4,w3,2,4,0,0.005162298679351807
4,w3,2,5,0,0.999850332736969
4,w3,2,6,0,0.004892468452453613
4,w3,2,7,0,0.9998913407325745
4,w3,3,4,0,0.9998735785484314
4,w3,3,5,0,0.007199525833129883
4,w3,3,6,0,0.9999212622642517
4,w3,3,7,0,0.007293820381164551
4,w3,4,5,1,0.9998412132263184
4,w3,4,6,0,0.005274772644042969
4,w3,4,7,0,0.9998877048492432
4,w3,5,6,0,0.999905526638031
4,w3,5,7,0,0.006427466869354248
4,w3,6,7,1,0.9999379515647888
5,w1,0,1,1,0.993360161781311
5,w1,0,2,0,0.005795598030090332
5,w1,0,3,0,0.9933674335479736
5,w1,0,4,0,0.004348635673522949
5,w1,0,5,0,0.9932917356491089
5,w1,0,6,0,0.005120515823364258
5,w1,0,7,0,0.9933680891990662
5,w1,1,2,0,0.9933599233627319
5,w1,1,3,0,0.004833102226257324
5,w1,1,4,0,0.9933611154556274
5,w1,1,5,0,0.005530893802642822
5,w1,1,6,0,0.9932841062545776
5,w1,1,7,0,0.004065036773681641
5,w1,2,3,1,0.9933605790138245
5,w1,2,4,0,0.004393100738525391
5,w1,2,5,0,0.9932752251625061
5,w1,2,6,0,0.005625247955322266
5,w1,2,7,0,0.9933549761772156
5,w1,3,4,0,0.9933627247810364
5,w1,3,5,0,0.005691170692443848
5,w1,3,6,0,0.993294894695282
5,w1,3,7,0,0.004079043865203857
5,w1,4,5,1,0.9932840466499329
5,w1,4,6,0,0.004340410232543945
5,w1,4,7,0,0.9933607578277588
5,w1,5,6,0,0.9932201504707336
5,w1,5,7,0,0.004199087619781494
5,w1,6,7,1,0.9932987093925476
5,w2,0,1,1,1.0001912117004395
5,w2,0,2,0,0.0015556812286376953
5,w2,0,3,0,1.0001718997955322
5,w2,0,4,0,0.0011202096939086914
5,w2,0,5,0,1.0001744031906128
5,w2,0,6,0,0.0013522505760192871
5,w2,0,7,0,1.0001925230026245
5,w2,1,2,0,1.0001897811889648
5,w2,1,3,0,0.0012923479080200195
5,w2,1,4,0,1.0001764297485352
5,w2,1,5,0,0.0015048384666442871
5,w2,1,6,0,1.0002084970474243
5,w2,1,7,0,0.0010548830032348633
5,w2,2,3,1,1.000172734260559
5,w2,2,4,0,0.0011352300643920898
5,w2,2,5,0,1.0001758337020874
5,w2,2,6,0,0.0015015006065368652
5,w2,2,7,0,1.0001944303512573
5,w2,3,4,0,1.0001574754714966
5,w2,3,5,0,0.0015576481819152832
5,w2,3,6,0,1.000191569328308
5,w2,3,7,0,0.0010628104209899902
5,w2,4,5,1,1.000160813331604
5,w2,4,6,0,0.0011131763458251953
5,w2,4,7,0,1.0001806020736694
5,w2,5,6,0,1.0001928806304932
5,w2,5,7,0,0.0011026859283447266
5,w2,6,7,1,1.0002127885818481
5,w3,0,1,1,0.9996885657310486
5,w3,0,2,0,0.006603658199310303
5,w3,0,3,0,0.9996454119682312
5,w3,0,4,0,0.004977107048034668
5,w3,0,5,0,0.9996340870857239
5,w3,0,6,0,0.0058023929595947266
5,w3,0,7,0,0.9996777772903442
5,w3,1,2,0,0.9996134638786316
5,w3,1,3,0,0.005573868751525879
5,w3,1,4,0,0.9996433854103088
5,w3,1,5,0,0.006396889686584473
5,w3,1,6,0,0.9997020959854126
5,w3,1,7,0,0.00476384162902832
5,w3,2,3,1,0.9995648860931396
5,w3,2,4,0,0.005060732364654541
5,w3,2,5,0,0.9995484948158264
5,w3,2,6,0,0.0063800811767578125
5,w3,2,7,0,0.9995938539505005
5,w3,3,4,0,0.9995930790901184
5,w3,3,5,0,0.006620526313781738
5,w3,3,6,0,0.9996509552001953
5,w3,3,7,0,0.004806578159332275
5,w3,4,5,1,0.9995830059051514
5,w3,4,6,0,0.004936695098876953
5,w3,4,7,0,0.9996379613876343
5,w3,5,6,0,0.9996336102485657
5,w3,5,7,0,0.0049686431884765625
5,w3,6,7,1,0.9996805787086487
6,w1,0,1,1,0.9939355850219727
6,w1,0,2,0,0.004219174385070801
6,w1,0,3,0,0.9938609004020691
6,w1,0,4,0,0.005443274974822998
6,w1,0,5,0,0.9938511848449707
6,w1,0,6,0,0.005483269691467285
6,w1,0,7,0,0.9938576817512512
6,w1,1,2,0,0.9940216541290283
6,w1,1,3,0,0.00452655553817749
6,w1,1,4,0,0.9939302802085876
6,w1,1,5,0,0.0044678449630737305
6,w1,1,6,0,0.9939517974853516
6,w1,1,7,0,0.004514873027801514
6,w1,2,3,1,0.9939545392990112
6,w1,2,4,0,0.004200935363769531
6,w1,2,5,0,0.9939418435096741
6,w1,2,6,0,0.004190564155578613
6,w1,2,7,0,0.9939461946487427
6,w1,3,4,0,0.993852436542511
6,w1,3,5,0,0.005622446537017822
6,w1,3,6,0,0.9938836693763733
6,w1,3,7,0,0.0054177045822143555
6,w1,4,5,1,0.9938501715660095
6,w1,4,6,0,0.005309581756591797
6,w1,4,7,0,0.9938554167747498
6,w1,5,6,0,0.9938713908195496
6,w1,5,7,0,0.0056459903717041016
6,w1,6,7,1,0.9938679933547974
6,w2,0,1,1,0.9991478323936462
6,w2,0,2,0,0.001099705696105957
6,w2,0,3,0,0.9991335272789001
6,w2,0,4,0,0.0014641284942626953
6,w2,0,5,0,0.999125063419342
6,w2,0,6,0,0.001474618911743164
6,w2,0,7,0,0.9991585612297058
6,w2,1,2,0,0.9991649389266968
6,w2,1,3,0,0.0011630058288574219
6,w2,1,4,0,0.999210000038147
6,w2,1,5,0,0.0011342167854309082
6,w2,1,6,0,0.9991826415061951
6,w2,1,7,0,0.0011551380157470703
6,w2,2,3,1,0.999148964881897
6,w2,2,4,0,0.0010859966278076172
6,w2,2,5,0,0.9991409182548523
6,w2,2,6,0,0.0010852813720703125
6,w2,2,7,0,0.999174177646637
6,w2,3,4,0,0.9991951584815979
6,w2,3,5,0,0.0014821290969848633
6,w2,3,6,0,0.999167263507843
6,w2,3,7,0,0.001431584358215332
6,w2,4,5,1,0.9991839528083801
6,w2,4,6,0,0.0014147758483886719
6,w2,4,7,0,0.9992191195487976
6,w2,5,6,0,0.9991593360900879
6,w2,5,7,0,0.0014945268630981445
6,w2,6,7,1,0.9991932511329651
6,w3,0,1,1,1.0008699893951416
6,w3,0,2,0,0.004968762397766113
6,w3,0,3,0,1.0008769035339355
6,w3,0,4,0,0.006335616111755371
6,w3,0,5,0,1.000852108001709
6,w3,0,6,0,0.006386220455169678
6,w3,0,7,0,1.0008999109268188
6,w3,1,2,0,1.0008996725082397
6,w3,1,3,0,0.005276679992675781
6,w3,1,4,0,1.0009032487869263
6,w3,1,5,0,0.005212187767028809
6,w3,1,6,0,1.000861644744873
6,w3,1,7,0,0.005255460739135742
6,w3,2,3,1,1.0009161233901978
6,w3,2,4,0,0.004949510097503662
6,w3,2,5,0,1.0008846521377563
6,w3,2,6,0,0.0049561262130737305
6,w3,2,7,0,1.0009348392486572
6,w3,3,4,0,1.0009129047393799
6,w3,3,5,0,0.006484270095825195
6,w3,3,6,0,1.0008790493011475
6,w3,3,7,0,0.0062367916107177734
6,w3,4,5,1,1.000894546508789
6,w3,4,6,0,0.006182253360748291
6,w3,4,7,0,1.0009338855743408
6,w3,5,6,0,1.0008554458618164
6,w3,5,7,0,0.006507754325866699
6,w3,6,7,1,1.0009047985076904
7,w1,0,1,1,0.9941666722297668
7,w1,0,2,0,0.005775928497314453
7,w1,0,3,0,0.9941260814666748
7,w1,0,4,0,0.0060280561447143555
7,w1,0,5,0,0.9940890669822693
7,w1,0,6,0,0.0058138370513916016
7,w1,0,7,0,0.9940954446792603
7,w1,1,2,0,0.9941974878311157
7,w1,1,3,0,0.0054326653480529785
7,w1,1,4,0,0.9941757321357727
7,w1,1,5,0,0.005499839782714844
7,w1,1,6,0,0.9941899180412292
7,w1,1,7,0,0.005392193794250488
7,w1,2,3,1,0.9941515326499939
7,w1,2,4,0,0.005865871906280518
7,w1,2,5,0,0.9941113591194153
7,w1,2,6,0,0.005247354507446289
7,w1,2,7,0,0.9941232800483704
7,w1,3,4,0,0.9941347241401672
7,w1,3,5,0,0.005231082439422607
7,w1,3,6,0,0.9941552877426147
7,w1,3,7,0,0.005247175693511963
7,w1,4,5,1,0.9941042065620422
7,w1,4,6,0,0.005894482135772705
7,w1,4,7,0,0.9941117167472839
7,w1,5,6,0,0.9941202998161316
7,w1,5,7,0,0.00560837984085083
7,w1,6,7,1,0.9941365718841553
7,w2,0,1,1,1.0001475811004639
7,w2,0,2,0,0.0015431642532348633
7,w2,0,3,0,1.0001338720321655
7,w2,0,4,0,0.0016247034072875977
7,w2,0,5,0,1.0001294612884521
7,w2,0,6,0,0.001543283462524414
7,w2,0,7,0,1.000136137008667
7,w2,1,2,0,1.0001585483551025
7,w2,1,3,0,0.0014129877090454102
7,w2,1,4,0,1.0001285076141357
7,w2,1,5,0,0.0014370083808898926
7,w2,1,6,0,1.0001471042633057
7,w2,1,7,0,0.0014046430587768555
7,w2,2,3,1,1.0001461505889893
7,w2,2,4,0,0.001576244831085205
7,w2,2,5,0,1.0001388788223267
7,w2,2,6,0,0.0013802051544189453
7,w2,2,7,0,1.0001474618911743
7,w2,3,4,0,1.0001139640808105
7,w2,3,5,0,0.0013567805290222168
7,w2,3,6,0,1.0001347064971924
7,w2,3,7,0,0.0013603568077087402
7,w2,4,5,1,1.0001094341278076
7,w2,4,6,0,0.001574873924255371
7,w2,4,7,0,1.000118613243103
7,w2,5,6,0,1.000131607055664
7,w2,5,7,0,0.0014719367027282715
7,w2,6,7,1,1.0001370906829834
7,w3,0,1,1,1.0007178783416748
7,w3,0,2,0,0.006496906280517578
7,w3,0,3,0,1.0006625652313232
7,w3,0,4,0,0.0068204402923583984
7,w3,0,5,0,1.0007214546203613
7,w3,0,6,0,0.006513833999633789
7,w3,0,7,0,1.0007014274597168
7,w3,1,2,0,1.0006157159805298
7,w3,1,3,0,0.006042957305908203
7,w3,1,4,0,1.000617504119873
7,w3,1,5,0,0.006132006645202637
7,w3,1,6,0,1.0006297826766968
7,w3,1,7,0,0.00603795051574707
7,w3,2,3,1,1.0005542039871216
7,w3,2,4,0,0.006589353084564209
7,w3,2,5,0,1.0006206035614014
7,w3,2,6,0,0.005854010581970215
7,w3,2,7,0,1.000608205795288
7,w3,3,4,0,1.0005662441253662
7,w3,3,5,0,0.0057639479637146
7,w3,3,6,0,1.0005711317062378
7,w3,3,7,0,0.005799412727355957
7,w3,4,5,1,1.0006285905838013
7,w3,4,6,0,0.006610095500946045
7,w3,4,7,0,1.000617504119873
7,w3,5,6,0,1.0006375312805176
7,w3,5,7,0,0.006223618984222412
7,w3,6,7,1,1.0006227493286133
8,w1,0,1,1,0.994183361530304
8,w1,0,2,0,0.005655169486999512
8,w1,0,3,0,0.994139552116394
8,w1,0,4,0,0.005372762680053711
8,w1,0,5,0,0.9941189885139465
8,w1,0,6,0,0.006091177463531494
8,w1,0,7,0,0.9941644072532654
8,w1,1,2,0,0.9941350817680359
8,w1,1,3,0,0.0054814815521240234
8,w1,1,4,0,0.9942188262939453
8,w1,1,5,0,0.005608201026916504
8,w1,1,6,0,0.9941982626914978
8,w1,1,7,0,0.005819380283355713
8,w1,2,3,1,0.9940859079360962
8,w1,2,4,0,0.005242824554443359
8,w1,2,5,0,0.9940677881240845
8,w1,2,6,0,0.005693912506103516
8,w1,2,7,0,0.9941120147705078
8,w1,3,4,0,0.9941518306732178
8,w1,3,5,0,0.005415976047515869
8,w1,3,6,0,0.994143545627594
8,w1,3,7,0,0.005839705467224121
8,w1,4,5,1,0.994148313999176
8,w1,4,6,0,0.005357146263122559
8,w1,4,7,0,0.9941816329956055
8,w1,5,6,0,0.9941238760948181
8,w1,5,7,0,0.0060395002365112305
8,w1,6,7,1,0.9941693544387817
8,w2,0,1,1,1.0001776218414307
8,w2,0,2,0,0.0014477968215942383
8,w2,0,3,0,1.0001962184906006
8,w2,0,4,0,0.0013737082481384277
8,w2,0,5,0,1.0002074241638184
8,w2,0,6,0,0.0015832185745239258
8,w2,0,7,0,1.0001741647720337
8,w2,1,2,0,1.0002039670944214
8,w2,1,3,0,0.0014290809631347656
8,w2,1,4,0,1.0002079010009766
8,w2,1,5,0,0.001469731330871582
8,w2,1,6,0,1.0002034902572632
8,w2,1,7,0,0.0015288591384887695
8,w2,2,3,1,1.0002224445343018
8,w2,2,4,0,0.0013195276260375977
8,w2,2,5,0,1.000232458114624
8,w2,2,6,0,0.0014608502388000488
8,w2,2,7,0,1.000199317932129
8,w2,3,4,0,1.0002304315567017
8,w2,3,5,0,0.0014084577560424805
8,w2,3,6,0,1.0002241134643555
8,w2,3,7,0,0.001529097557067871
8,w2,4,5,1,1.000239372253418
8,w2,4,6,0,0.001372694969177246
8,w2,4,7,0,1.0002049207687378
8,w2,5,6,0,1.0002321004867554
8,w2,5,7,0,0.0015931129455566406
8,w2,6,7,1,1.0001970529556274
8,w3,0,1,1,1.0003598928451538
8,w3,0,2,0,0.0061151981353759766
8,w3,0,3,0,1.0004098415374756
8,w3,0,4,0,0.0058740973472595215
8,w3,0,5,0,1.0003076791763306
8,w3,0,6,0,0.006614804267883301
8,w3,0,7,0,1.0004348754882812
8,w3,1,2,0,1.0003039836883545
8,w3,1,3,0,0.006050288677215576
8,w3,1,4,0,1.000327229499817
8,w3,1,5,0,0.006176292896270752
8,w3,1,6,0,1.000236988067627
8,w3,1,7,0,0.006430923938751221
8,w3,2,3,1,1.0003467798233032
8,w3,2,4,0,0.005694031715393066
8,w3,2,5,0,1.0002591609954834
8,w3,2,6,0,0.006158351898193359
8,w3,2,7,0,1.0003623962402344
8,w3,3,4,0,1.000368595123291
8,w3,3,5,0,0.005969345569610596
8,w3,3,6,0,1.0002846717834473
8,w3,3,7,0,0.006439685821533203
8,w3,4,5,1,1.0002659559249878
8,w3,4,6,0,0.005877375602722168
8,w3,4,7,0,1.0003939867019653
8,w3,5,6,0,1.0001885890960693
8,w3,5,7,0,0.006666958332061768
8,w3,6,7,1,1.0003130435943604
9,w1,0,1,1,0.9941586852073669
9,w1,0,2,0,0.005448818206787109
9,w1,0,3,0,0.9942106008529663
9,w1,0,4,0,0.004183530807495117
9,w1,0,5,0,0.9942377209663391
9,w1,0,6,0,0.006298661231994629
9,w1,0,7,0,0.9941067695617676
9,w1,1,2,0,0.9942067265510559
9,w1,1,3,0,0.004219353199005127
9,w1,1,4,0,0.9941861629486084
9,w1,1,5,0,0.005250215530395508
9,w1,1,6,0,0.9941623210906982
9,w1,1,7,0,0.005111217498779297
9,w1,2,3,1,0.9942631721496582
9,w1,2,4,0,0.004062175750732422
9,w1,2,5,0,0.9943097829818726
9,w1,2,6,0,0.0053108930587768555
9,w1,2,7,0,0.9941586852073669
9,w1,3,4,0,0.9942336678504944
9,w1,3,5,0,0.004288733005523682
9,w1,3,6,0,0.9942098259925842
9,w1,3,7,0,0.004320263862609863
9,w1,4,5,1,0.994271457195282
9,w1,4,6,0,0.004153549671173096
9,w1,4,7,0,0.9941273927688599
9,w1,5,6,0,0.9942410588264465
9,w1,5,7,0,0.006036520004272461
9,w1,6,7,1,0.9941138625144958
9,w2,0,1,1,0.999693751335144
9,w2,0,2,0,0.001395106315612793
9,w2,0,3,0,0.9997088313102722
9,w2,0,4,0,0.0010283589363098145
9,w2,0,5,0,0.9996985197067261
9,w2,0,6,0,0.0016440153121948242
9,w2,0,7,0,0.9997286796569824
9,w2,1,2,0,0.9996433258056641
9,w2,1,3,0,0.0009953975677490234
9,w2,1,4,0,0.9996446967124939
9,w2,1,5,0,0.0012987852096557617
9,w2,1,6,0,0.9996602535247803
9,w2,1,7,0,0.001271963119506836
9,w2,2,3,1,0.9996572136878967
9,w2,2,4,0,0.0009675025939941406
9,w2,2,5,0,0.9996467232704163
9,w2,2,6,0,0.001353144645690918
9,w2,2,7,0,0.9996778964996338
9,w2,3,4,0,0.9996586441993713
9,w2,3,5,0,0.0010242462158203125
9,w2,3,6,0,0.9996731281280518
9,w2,3,7,0,0.0010358095169067383
9,w2,4,5,1,0.99964839220047
9,w2,4,6,0,0.001006007194519043
9,w2,4,7,0,0.9996790885925293
9,w2,5,6,0,0.9996617436408997
9,w2,5,7,0,0.0015279650688171387
9,w2,6,7,1,0.9996954202651978
9,w3,0,1,1,1.0002050399780273
9,w3,0,2,0,0.005857110023498535
9,w3,0,3,0,1.000073790550232
9,w3,0,4,0,0.004566788673400879
9,w3,0,5,0,1.0000879764556885
9,w3,0,6,0,0.0068168044090271
9,w3,0,7,0,1.0001331567764282
9,w3,1,2,0,1.0001003742218018
9,w3,1,3,0,0.004487395286560059
9,w3,1,4,0,1.0000547170639038
9,w3,1,5,0,0.00555795431137085
9,w3,1,6,0,1.0000697374343872
9,w3,1,7,0,0.005414485931396484
9,w3,2,3,1,0.9999690055847168
9,w3,2,4,0,0.004387557506561279
9,w3,2,5,0,0.9999939203262329
9,w3,2,6,0,0.005728960037231445
9,w3,2,7,0,1.000025749206543
9,w3,3,4,0,0.999924898147583
9,w3,3,5,0,0.0046236515045166016
9,w3,3,6,0,0.9999496340751648
9,w3,3,7,0,0.004644632339477539
9,w3,4,5,1,0.9999544620513916
9,w3,4,6,0,0.0045413970947265625
9,w3,4,7,0,0.9999775886535645
9,w3,5,6,0,0.9999730587005615
9,w3,5,7,0,0.006432890892028809
9,w3,6,7,1,0.9999920129776001
10,w1,0,1,1,0.9937728047370911
10,w1,0,2,0,0.003508627414703369
10,w1,0,3,0,0.9936870336532593
10,w1,0,4,0,0.0049479007720947266
10,w1,0,5,0,0.993674635887146
10,w1,0,6,0,0.004975438117980957
10,w1,0,7,0,0.9935740232467651
10,w1,1,2,0,0.9937325119972229
10,w1,1,3,0,0.005584836006164551
10,w1,1,4,0,0.9937922954559326
10,w1,1,5,0,0.005176544189453125
10,w1,1,6,0,0.9937718510627747
10,w1,1,7,0,0.005761146545410156
10,w1,2,3,1,0.9936488270759583
10,w1,2,4,0,0.004937291145324707
10,w1,2,5,0,0.9936421513557434
10,w1,2,6,0,0.004994034767150879
10,w1,2,7,0,0.9935411810874939
10,w1,3,4,0,0.9936974048614502
10,w1,3,5,0,0.005418717861175537
10,w1,3,6,0,0.9936882257461548
10,w1,3,7,0,0.00559079647064209
10,w1,4,5,1,0.9936811923980713
10,w1,4,6,0,0.004515171051025391
10,w1,4,7,0,0.993588387966156
10,w1,5,6,0,0.9936813116073608
10,w1,5,7,0,0.005597829818725586
10,w1,6,7,1,0.9935839176177979
10,w2,0,1,1,1.0004658699035645
10,w2,0,2,0,0.0008161664009094238
10,w2,0,3,0,1.000486135482788
10,w2,0,4,0,0.001195073127746582
10,w2,0,5,0,1.0004693269729614
10,w2,0,6,0,0.0012025833129882812
10,w2,0,7,0,1.000463604927063
10,w2,1,2,0,1.0004537105560303
10,w2,1,3,0,0.0013916492462158203
10,w2,1,4,0,1.0004680156707764
10,w2,1,5,0,0.001283884048461914
10,w2,1,6,0,1.0004478693008423
10,w2,1,7,0,0.0014530420303344727
10,w2,2,3,1,1.000474452972412
10,w2,2,4,0,0.0011907219886779785
10,w2,2,5,0,1.0004570484161377
10,w2,2,6,0,0.0012055039405822754
10,w2,2,7,0,1.0004526376724243
10,w2,3,4,0,1.0004888772964478
10,w2,3,5,0,0.0013379454612731934
10,w2,3,6,0,1.0004677772521973
10,w2,3,7,0,0.001395583152770996
10,w2,4,5,1,1.0004713535308838
10,w2,4,6,0,0.001080334186553955
10,w2,4,7,0,1.000467300415039
10,w2,5,6,0,1.0004513263702393
10,w2,5,7,0,0.0014008879661560059
10,w2,6,7,1,1.0004475116729736
10,w3,0,1,1,1.0002403259277344
10,w3,0,2,0,0.0037560462951660156
10,w3,0,3,0,1.0002537965774536
10,w3,0,4,0,0.005183100700378418
10,w3,0,5,0,1.0002738237380981
10,w3,0,6,0,0.005220532417297363
10,w3,0,7,0,1.000238299369812
10,w3,1,2,0,1.0002645254135132
10,w3,1,3,0,0.005892515182495117
10,w3,1,4,0,1.0002896785736084
10,w3,1,5,0,0.005401730537414551
10,w3,1,6,0,1.0002267360687256
10,w3,1,7,0,0.006043195724487305
10,w3,2,3,1,1.000286340713501
10,w3,2,4,0,0.005166888236999512
10,w3,2,5,0,1.0002906322479248
10,w3,2,6,0,0.005240201950073242
10,w3,2,7,0,1.0002601146697998
10,w3,3,4,0,1.0002896785736084
10,w3,3,5,0,0.005703866481781006
10,w3,3,6,0,1.0002379417419434
10,w3,3,7,0,0.005925774574279785
10,w3,4,5,1,1.0003045797348022
10,w3,4,6,0,0.0047065019607543945
10,w3,4,7,0,1.000287413597107
10,w3,5,6,0,1.0002471208572388
10,w3,5,7,0,0.005864620208740234
10,w3,6,7,1,1.0002254247665405
11,w1,0,1,1,0.9926322102546692
11,w1,0,2,0,0.006261169910430908
11,w1,0,3,0,0.9926011562347412
11,w1,0,4,0,0.006204962730407715
11,w1,0,5,0,0.9928165674209595
11,w1,0,6,0,0.005803346633911133
11,w1,0,7,0,0.992673933506012
11,w1,1,2,0,0.9926564693450928
11,w1,1,3,0,0.004973411560058594
11,w1,1,4,0,0.9925867915153503
11,w1,1,5,0,0.00456547737121582
11,w1,1,6,0,0.9926824569702148
11,w1,1,7,0,0.00537562370300293
11,w1,2,3,1,0.9926220178604126
11,w1,2,4,0,0.0063925981521606445
11,w1,2,5,0,0.9928379654884338
11,w1,2,6,0,0.005933284759521484
11,w1,2,7,0,0.9926987290382385
11,w1,3,4,0,0.9925554990768433
11,w1,3,5,0,0.004599809646606445
11,w1,3,6,0,0.9926560521125793
11,w1,3,7,0,0.0052214860916137695
11,w1,4,5,1,0.9927617311477661
11,w1,4,6,0,0.006051301956176758
11,w1,4,7,0,0.9926282167434692
11,w1,5,6,0,0.9928634166717529
11,w1,5,7,0,0.004593014717102051
11,w1,6,7,1,0.9927360415458679
11,w2,0,1,1,0.9995893239974976
11,w2,0,2,0,0.0015588998794555664
11,w2,0,3,0,0.9996299743652344
11,w2,0,4,0,0.0015451312065124512
11,w2,0,5,0,0.9995800256729126
11,w2,0,6,0,0.0014324188232421875
11,w2,0,7,0,0.9995839595794678
11,w2,1,2,0,0.9996057152748108
11,w2,1,3,0,0.0012079477310180664
11,w2,1,4,0,0.9996044635772705
11,w2,1,5,0,0.0010802745819091797
11,w2,1,6,0,0.9996113777160645
11,w2,1,7,0,0.0013153553009033203
11,w2,2,3,1,0.9996458292007446
11,w2,2,4,0,0.001589357852935791
11,w2,2,5,0,0.9995977878570557
11,w2,2,6,0,0.0014618635177612305
11,w2,2,7,0,0.9996002316474915
11,w2,3,4,0,0.9996445178985596
11,w2,3,5,0,0.001086592674255371
11,w2,3,6,0,0.9996508359909058
11,w2,3,7,0,0.0012742877006530762
11,w2,4,5,1,0.9995971918106079
11,w2,4,6,0,0.0014997124671936035
11,w2,4,7,0,0.9995999932289124
11,w2,5,6,0,0.9996030926704407
11,w2,5,7,0,0.0010890960693359375
11,w2,6,7,1,0.9996064305305481
11,w3,0,1,1,1.0000861883163452
11,w3,0,2,0,0.006486475467681885
11,w3,0,3,0,1.0000799894332886
11,w3,0,4,0,0.0064438581466674805
11,w3,0,5,0,1.0000956058502197
11,w3,0,6,0,0.005981802940368652
11,w3,0,7,0,1.0001122951507568
11,w3,1,2,0,1.000118374824524
11,w3,1,3,0,0.005141735076904297
11,w3,1,4,0,1.0001106262207031
11,w3,1,5,0,0.004783511161804199
11,w3,1,6,0,1.0001142024993896
11,w3,1,7,0,0.0055615901947021484
11,w3,2,3,1,1.0001001358032227
11,w3,2,4,0,0.006640493869781494
11,w3,2,5,0,1.0001205205917358
11,w3,2,6,0,0.0060956478118896484
11,w3,2,7,0,1.0001245737075806
11,w3,3,4,0,1.0000900030136108
11,w3,3,5,0,0.004805088043212891
11,w3,3,6,0,1.0001028776168823
11,w3,3,7,0,0.005386412143707275
11,w3,4,5,1,1.0001156330108643
11,w3,4,6,0,0.006257891654968262
11,w3,4,7,0,1.0001143217086792
11,w3,5,6,0,1.0001161098480225
11,w3,5,7,0,0.004814326763153076
11,w3,6,7,1,1.0001230239868164
12,w1,0,1,1,0.9937780499458313
12,w1,0,2,0,0.005495965480804443
12,w1,0,3,0,0.9938639998435974
12,w1,0,4,0,0.005473911762237549
12,w1,0,5,0,0.9937620759010315
12,w1,0,6,0,0.005379140377044678
12,w1,0,7,0,0.9938248991966248
12,w1,1,2,0,0.9937883019447327
12,w1,1,3,0,0.0057152509689331055
12,w1,1,4,0,0.9938037991523743
12,w1,1,5,0,0.005778670310974121
12,w1,1,6,0,0.9938053488731384
12,w1,1,7,0,0.006259322166442871
12,w1,2,3,1,0.9938755035400391
12,w1,2,4,0,0.005740463733673096
12,w1,2,5,0,0.9937698245048523
12,w1,2,6,0,0.005397200584411621
12,w1,2,7,0,0.9938350915908813
12,w1,3,4,0,0.9938881993293762
12,w1,3,5,0,0.00550919771194458
12,w1,3,6,0,0.9938828945159912
12,w1,3,7,0,0.005821108818054199
12,w1,4,5,1,0.9937918782234192
12,w1,4,6,0,0.005578815937042236
12,w1,4,7,0,0.9938583970069885
12,w1,5,6,0,0.9937978386878967
12,w1,5,7,0,0.006134748458862305
12,w1,6,7,1,0.9938507676124573
12,w2,0,1,1,1.0009640455245972
12,w2,0,2,0,0.0013634562492370605
12,w2,0,3,0,1.0009503364562988
12,w2,0,4,0,0.001358628273010254
12,w2,0,5,0,1.0009872913360596
12,w2,0,6,0,0.0013347864151000977
12,w2,0,7,0,1.0010074377059937
12,w2,1,2,0,1.001003384590149
12,w2,1,3,0,0.0013954639434814453
12,w2,1,4,0,1.001006007194519
12,w2,1,5,0,0.001414656639099121
12,w2,1,6,0,1.0009956359863281
12,w2,1,7,0,0.0015448927879333496
12,w2,2,3,1,1.0009888410568237
12,w2,2,4,0,0.0014361143112182617
12,w2,2,5,0,1.001025676727295
12,w2,2,6,0,0.00134199857711792
12,w2,2,7,0,1.0010457038879395
12,w2,3,4,0,1.0009894371032715
12,w2,3,5,0,0.0013431906700134277
12,w2,3,6,0,1.0009807348251343
12,w2,3,7,0,0.001422882080078125
12,w2,4,5,1,1.0010261535644531
12,w2,4,6,0,0.0013921260833740234
12,w2,4,7,0,1.0010486841201782
12,w2,5,6,0,1.00101637840271
12,w2,5,7,0,0.0015122294425964355
12,w2,6,7,1,1.001039981842041
12,w3,0,1,1,1.0001078844070435
12,w3,0,2,0,0.005747675895690918
12,w3,0,3,0,1.0000792741775513
12,w3,0,4,0,0.00572967529296875
12,w3,0,5,0,1.0000132322311401
12,w3,0,6,0,0.005628407001495361
12,w3,0,7,0,1.0000852346420288
12,w3,1,2,0,1.0000656843185425
12,w3,1,3,0,0.005861520767211914
12,w3,1,4,0,1.000084400177002
12,w3,1,5,0,0.005919933319091797
12,w3,1,6,0,1.0000382661819458
12,w3,1,7,0,0.006426334381103516
12,w3,2,3,1,1.000035285949707
12,w3,2,4,0,0.005982875823974609
12,w3,2,5,0,0.9999753832817078
12,w3,2,6,0,0.005613923072814941
12,w3,2,7,0,1.0000452995300293
12,w3,3,4,0,1.0000468492507935
12,w3,3,5,0,0.005647599697113037
12,w3,3,6,0,1.0000008344650269
12,w3,3,7,0,0.005968868732452393
12,w3,4,5,1,0.9999897480010986
12,w3,4,6,0,0.005788922309875488
12,w3,4,7,0,1.0000637769699097
12,w3,5,6,0,0.9999438524246216
12,w3,5,7,0,0.006293118000030518
12,w3,6,7,1,1.000016689300537
13,w1,0,1,1,0.992255449295044
13,w1,0,2,0,0.005527615547180176
13,w1,0,3,0,0.9923251271247864
13,w1,0,4,0,0.005189299583435059
13,w1,0,5,0,0.992321252822876
13,w1,0,6,0,0.004468202590942383
13,w1,0,7,0,0.9923208951950073
13,w1,1,2,0,0.9923095107078552
13,w1,1,3,0,0.004676342010498047
13,w1,1,4,0,0.9922921061515808
13,w1,1,5,0,0.0060225725173950195
13,w1,1,6,0,0.9924439191818237
13,w1,1,7,0,0.0060787200927734375
13,w1,2,3,1,0.9923806190490723
13,w1,2,4,0,0.00424039363861084
13,w1,2,5,0,0.9923828840255737
13,w1,2,6,0,0.004432320594787598
13,w1,2,7,0,0.9923824667930603
13,w1,3,4,0,0.9923604130744934
13,w1,3,5,0,0.004591584205627441
13,w1,3,6,0,0.992512047290802
13,w1,3,7,0,0.004534780979156494
13,w1,4,5,1,0.9923672676086426
13,w1,4,6,0,0.004366815090179443
13,w1,4,7,0,0.9923580288887024
13,w1,5,6,0,0.9925132989883423
13,w1,5,7,0,0.005279064178466797
13,w1,6,7,1,0.9925082325935364
13,w2,0,1,1,0.999676525592804
13,w2,0,2,0,0.0013783574104309082
13,w2,0,3,0,0.9996607303619385
13,w2,0,4,0,0.0012845396995544434
13,w2,0,5,0,0.9996631741523743
13,w2,0,6,0,0.0010764598846435547
13,w2,0,7,0,0.9996519088745117
13,w2,1,2,0,0.9996484518051147
13,w2,1,3,0,0.0011000633239746094
13,w2,1,4,0,0.9996196627616882
13,w2,1,5,0,0.0014666318893432617
13,w2,1,6,0,0.9996610879898071
13,w2,1,7,0,0.0014783143997192383
13,w2,2,3,1,0.9996333718299866
13,w2,2,4,0,0.0010159015655517578
13,w2,2,5,0,0.9996355772018433
13,w2,2,6,0,0.0010565519332885742
13,w2,2,7,0,0.9996237754821777
13,w2,3,4,0,0.9996041655540466
13,w2,3,5,0,0.0010695457458496094
13,w2,3,6,0,0.9996439814567566
13,w2,3,7,0,0.0010508298873901367
13,w2,4,5,1,0.9996076226234436
13,w2,4,6,0,0.0010339021682739258
13,w2,4,7,0,0.9995965957641602
13,w2,5,6,0,0.9996456503868103
13,w2,5,7,0,0.0012680292129516602
13,w2,6,7,1,0.9996355175971985
13,w3,0,1,1,1.0011307001113892
13,w3,0,2,0,0.005766391754150391
13,w3,0,3,0,1.001065969467163
13,w3,0,4,0,0.005424857139587402
13,w3,0,5,0,1.0010164976119995
13,w3,0,6,0,0.004724323749542236
13,w3,0,7,0,1.0010831356048584
13,w3,1,2,0,1.001110315322876
13,w3,1,3,0,0.004799842834472656
13,w3,1,4,0,1.001099705696106
13,w3,1,5,0,0.006093323230743408
13,w3,1,6,0,1.0010486841201782
13,w3,1,7,0,0.006160914897918701
13,w3,2,3,1,1.0010498762130737
13,w3,2,4,0,0.004416704177856445
13,w3,2,5,0,1.001008152961731
13,w3,2,6,0,0.004624366760253906
13,w3,2,7,0,1.0010737180709839
13,w3,3,4,0,1.0010392665863037
13,w3,3,5,0,0.004662036895751953
13,w3,3,6,0,1.0009874105453491
13,w3,3,7,0,0.004621028900146484
13,w3,4,5,1,1.0009881258010864
13,w3,4,6,0,0.004540443420410156
13,w3,4,7,0,1.001060128211975
13,w3,5,6,0,1.0009334087371826
13,w3,5,7,0,0.005339384078979492
13,w3,6,7,1,1.0010048151016235
14,w1,0,1,1,0.9912713170051575
14,w1,0,2,0,0.0052588582038879395
14,w1,0,3,0,0.9911527037620544
14,w1,0,4,0,0.005185246467590332
14,w1,0,5,0,0.9913445115089417
14,w1,0,6,0,0.005048155784606934
14,w1,0,7,0,0.9912959933280945
14,w1,1,2,0,0.991117537021637
14,w1,1,3,0,0.005901694297790527
14,w1,1,4,0,0.9911524653434753
14,w1,1,5,0,0.00537109375
14,w1,1,6,0,0.9913446307182312
14,w1,1,7,0,0.005956053733825684
14,w1,2,3,1,0.9909931421279907
14,w1,2,4,0,0.004764914512634277
14,w1,2,5,0,0.9911981225013733
14,w1,2,6,0,0.004989027976989746
14,w1,2,7,0,0.9911418557167053
14,w1,3,4,0,0.9910356402397156
14,w1,3,5,0,0.005384087562561035
14,w1,3,6,0,0.9912195801734924
14,w1,3,7,0,0.004957616329193115
14,w1,4,5,1,0.9912289977073669
14,w1,4,6,0,0.00497126579284668
14,w1,4,7,0,0.9911879897117615
14,w1,5,6,0,0.9914184808731079
14,w1,5,7,0,0.005446314811706543
14,w1,6,7,1,0.9913732409477234
14,w2,0,1,1,1.0006153583526611
14,w2,0,2,0,0.001298666000366211
14,w2,0,3,0,1.0005745887756348
14,w2,0,4,0,0.001281142234802246
14,w2,0,5,0,1.0005854368209839
14,w2,0,6,0,0.0012369751930236816
14,w2,0,7,0,1.000571608543396
14,w2,1,2,0,1.0005234479904175
14,w2,1,3,0,0.0014803409576416016
14,w2,1,4,0,1.0005757808685303
14,w2,1,5,0,0.0013338327407836914
14,w2,1,6,0,1.0005563497543335
14,w2,1,7,0,0.001490771770477295
14,w2,2,3,1,1.0004829168319702
14,w2,2,4,0,0.0011641979217529297
14,w2,2,5,0,1.000495195388794
14,w2,2,6,0,0.0012201666831970215
14,w2,2,7,0,1.0004808902740479
14,w2,3,4,0,1.0005338191986084
14,w2,3,5,0,0.0013275742530822754
14,w2,3,6,0,1.000516414642334
14,w2,3,7,0,0.0012111663818359375
14,w2,4,5,1,1.0005455017089844
14,w2,4,6,0,0.0012100934982299805
14,w2,4,7,0,1.0005303621292114
14,w2,5,6,0,1.000528335571289
14,w2,5,7,0,0.0013418197631835938
14,w2,6,7,1,1.0005146265029907
14,w3,0,1,1,1.000304937362671
14,w3,0,2,0,0.005474209785461426
14,w3,0,3,0,1.0003526210784912
14,w3,0,4,0,0.0053855180740356445
14,w3,0,5,0,1.000404953956604
14,w3,0,6,0,0.005277276039123535
14,w3,0,7,0,1.0002995729446411
14,w3,1,2,0,1.0003153085708618
14,w3,1,3,0,0.006157398223876953
14,w3,1,4,0,1.000291109085083
14,w3,1,5,0,0.005673885345458984
14,w3,1,6,0,1.0003283023834229
14,w3,1,7,0,0.006226778030395508
14,w3,2,3,1,1.0003560781478882
14,w3,2,4,0,0.0049599409103393555
14,w3,2,5,0,1.0004215240478516
14,w3,2,6,0,0.005219936370849609
14,w3,2,7,0,1.0003091096878052
14,w3,3,4,0,1.0003361701965332
14,w3,3,5,0,0.005632996559143066
14,w3,3,6,0,1.0003845691680908
14,w3,3,7,0,0.005140781402587891
14,w3,4,5,1,1.0003870725631714
14,w3,4,6,0,0.005180835723876953
14,w3,4,7,0,1.0002944469451904
14,w3,5,6,0,1.0004392862319946
14,w3,5,7,0,0.0057029128074646
14,w3,6,7,1,1.0003279447555542
15,w1,0,1,1,0.9904839992523193
15,w1,0,2,0,0.0044498443603515625
15,w1,0,3,0,0.990337610244751
15,w1,0,4,0,0.005497157573699951
15,w1,0,5,0,0.990326464176178
15,w1,0,6,0,0.005058884620666504
15,w1,0,7,0,0.9904825687408447
15,w1,1,2,0,0.9907342195510864
15,w1,1,3,0,0.004114747047424316
15,w1,1,4,0,0.9904611110687256
15,w1,1,5,0,0.0046653151512146
15,w1,1,6,0,0.9907407164573669
15,w1,1,7,0,0.004649519920349121
15,w1,2,3,1,0.9905878305435181
15,w1,2,4,0,0.00443953275680542
15,w1,2,5,0,0.9905697107315063
15,w1,2,6,0,0.004416704177856445
15,w1,2,7,0,0.9907321929931641
15,w1,3,4,0,0.9903101921081543
15,w1,3,5,0,0.005300760269165039
15,w1,3,6,0,0.9905956983566284
15,w1,3,7,0,0.005228996276855469
15,w1,4,5,1,0.9903026819229126
15,w1,4,6,0,0.005085289478302002
15,w1,4,7,0,0.9904695749282837
15,w1,5,6,0,0.9905838966369629
15,w1,5,7,0,0.004430711269378662
15,w1,6,7,1,0.9907470941543579
15,w2,0,1,1,0.9991037845611572
15,w2,0,2,0,0.0010815858840942383
15,w2,0,3,0,0.999096155166626
15,w2,0,4,0,0.0013840198516845703
15,w2,0,5,0,0.9991143345832825
15,w2,0,6,0,0.0012630820274353027
15,w2,0,7,0,0.9990918040275574
15,w2,1,2,0,0.9991273283958435
15,w2,1,3,0,0.001017451286315918
15,w2,1,4,0,0.9991266131401062
15,w2,1,5,0,0.0011601448059082031
15,w2,1,6,0,0.9991166591644287
15,w2,1,7,0,0.0011526942253112793
15,w2,2,3,1,0.9991191625595093
15,w2,2,4,0,0.001082301139831543
15,w2,2,5,0,0.9991369247436523
15,w2,2,6,0,0.0010662078857421875
15,w2,2,7,0,0.9991162419319153
15,w2,3,4,0,0.9991185665130615
15,w2,3,5,0,0.0013347268104553223
15,w2,3,6,0,0.9991110563278198
15,w2,3,7,0,0.0013131499290466309
15,w2,4,5,1,0.9991370439529419
15,w2,4,6,0,0.0012718439102172852
15,w2,4,7,0,0.9991146922111511
15,w2,5,6,0,0.9991292357444763
15,w2,5,7,0,0.0010968446731567383
15,w2,6,7,1,0.9991056323051453
15,w3,0,1,1,1.0000102519989014
15,w3,0,2,0,0.004714369773864746
15,w3,0,3,0,1.0000193119049072
15,w3,0,4,0,0.005784869194030762
15,w3,0,5,0,1.0000228881835938
15,w3,0,6,0,0.005311310291290283
15,w3,0,7,0,1.0000238418579102
15,w3,1,2,0,1.000058889389038
15,w3,1,3,0,0.00445246696472168
15,w3,1,4,0,1.000030755996704
15,w3,1,5,0,0.0049634575843811035
15,w3,1,6,0,1.0000255107879639
15,w3,1,7,0,0.004928648471832275
15,w3,2,3,1,1.0000643730163574
15,w3,2,4,0,0.004694640636444092
15,w3,2,5,0,1.0000678300857544
15,w3,2,6,0,0.004642069339752197
15,w3,2,7,0,1.0000784397125244
15,w3,3,4,0,1.0000429153442383
15,w3,3,5,0,0.00565648078918457
15,w3,3,6,0,1.0000288486480713
15,w3,3,7,0,0.005570769309997559
15,w3,4,5,1,1.0000475645065308
15,w3,4,6,0,0.005339384078979492
15,w3,4,7,0,1.0000516176223755
15,w3,5,6,0,1.0000468492507935
15,w3,5,7,0,0.004700362682342529
15,w3,6,7,1,1.0000488758087158
16,w1,0,1,1,0.9902989268302917
16,w1,0,2,0,0.005743145942687988
16,w1,0,3,0,0.9903321266174316
16,w1,0,4,0,0.005776464939117432
16,w1,0,5,0,0.9907017350196838
16,w1,0,6,0,0.00550079345703125
16,w1,0,7,0,0.990397572517395
16,w1,1,2,0,0.9903441071510315
16,w1,1,3,0,0.005475282669067383
16,w1,1,4,0,0.9903377890586853
16,w1,1,5,0,0.004411280155181885
16,w1,1,6,0,0.9904544949531555
16,w1,1,7,0,0.0043566226959228516
16,w1,2,3,1,0.990369975566864
16,w1,2,4,0,0.005799591541290283
16,w1,2,5,0,0.9907494187355042
16,w1,2,6,0,0.005637109279632568
16,w1,2,7,0,0.9904406666755676
16,w1,3,4,0,0.9903684258460999
16,w1,3,5,0,0.004373431205749512
16,w1,3,6,0,0.9904820919036865
16,w1,3,7,0,0.004956245422363281
16,w1,4,5,1,0.9907417297363281
16,w1,4,6,0,0.005498290061950684
16,w1,4,7,0,0.9904400110244751
16,w1,5,6,0,0.9908435940742493
16,w1,5,7,0,0.004326820373535156
16,w1,6,7,1,0.9905464053153992
16,w2,0,1,1,1.000602126121521
16,w2,0,2,0,0.0014620423316955566
16,w2,0,3,0,1.0005967617034912
16,w2,0,4,0,0.0014803409576416016
16,w2,0,5,0,1.0006203651428223
16,w2,0,6,0,0.0014053583145141602
16,w2,0,7,0,1.000596046447754
16,w2,1,2,0,1.0005922317504883
16,w2,1,3,0,0.0013927221298217773
16,w2,1,4,0,1.0006123781204224
16,w2,1,5,0,0.0010676383972167969
16,w2,1,6,0,1.0005981922149658
16,w2,1,7,0,0.0010746121406555176
16,w2,2,3,1,1.000586748123169
16,w2,2,4,0,0.0014928579330444336
16,w2,2,5,0,1.000612497329712
16,w2,2,6,0,0.0014491081237792969
16,w2,2,7,0,1.0005865097045898
16,w2,3,4,0,1.0006061792373657
16,w2,3,5,0,0.001057267189025879
16,w2,3,6,0,1.0005916357040405
16,w2,3,7,0,0.0012363195419311523
16,w2,4,5,1,1.0006284713745117
16,w2,4,6,0,0.0014080405235290527
16,w2,4,7,0,1.0006037950515747
16,w2,5,6,0,1.0006184577941895
16,w2,5,7,0,0.0010358691215515137
16,w2,6,7,1,1.0005916357040405
16,w3,0,1,1,0.9995210766792297
16,w3,0,2,0,0.006177365779876709
16,w3,0,3,0,0.9994462132453918
16,w3,0,4,0,0.006181478500366211
16,w3,0,5,0,0.9994609951972961
16,w3,0,6,0,0.0058907270431518555
16,w3,0,7,0,0.9994961023330688
16,w3,1,2,0,0.9994295835494995
16,w3,1,3,0,0.005843162536621094
16,w3,1,4,0,0.9994978904724121
16,w3,1,5,0,0.004701972007751465
16,w3,1,6,0,0.9995190501213074
16,w3,1,7,0,0.004621922969818115
16,w3,2,3,1,0.9993525743484497
16,w3,2,4,0,0.006258368492126465
16,w3,2,5,0,0.999377965927124
16,w3,2,6,0,0.006068587303161621
16,w3,2,7,0,0.9994032382965088
16,w3,3,4,0,0.9994282722473145
16,w3,3,5,0,0.004701018333435059
16,w3,3,6,0,0.9994333982467651
16,w3,3,7,0,0.0052724480628967285
16,w3,4,5,1,0.999445915222168
16,w3,4,6,0,0.005871295928955078
16,w3,4,7,0,0.9994809031486511
16,w3,5,6,0,0.9994534850120544
16,w3,5,7,0,0.0045795440673828125
16,w3,6,7,1,0.9994873404502869
17,w1,0,1,1,0.9900140166282654
17,w1,0,2,0,0.005315303802490234
17,w1,0,3,0,0.9900729060173035
17,w1,0,4,0,0.005892038345336914
17,w1,0,5,0,0.9905367493629456
17,w1,0,6,0,0.005854249000549316
17,w1,0,7,0,0.990135133266449
17,w1,1,2,0,0.9898892641067505
17,w1,1,3,0,0.004676699638366699
17,w1,1,4,0,0.9898224472999573
17,w1,1,5,0,0.004620671272277832
17,w1,1,6,0,0.9898991584777832
17,w1,1,7,0,0.004800319671630859
17,w1,2,3,1,0.9899585843086243
17,w1,2,4,0,0.005708456039428711
17,w1,2,5,0,0.9904229044914246
17,w1,2,6,0,0.0056618452072143555
17,w1,2,7,0,0.9900189638137817
17,w1,3,4,0,0.9899017214775085
17,w1,3,5,0,0.004652500152587891
17,w1,3,6,0,0.9899672269821167
17,w1,3,7,0,0.004915714263916016
17,w1,4,5,1,0.9903538227081299
17,w1,4,6,0,0.006041049957275391
17,w1,4,7,0,0.989956796169281
17,w1,5,6,0,0.9904300570487976
17,w1,5,7,0,0.004505157470703125
17,w1,6,7,1,0.9900226593017578
17,w2,0,1,1,1.0002549886703491
17,w2,0,2,0,0.0013343095779418945
17,w2,0,3,0,1.0002998113632202
17,w2,0,4,0,0.0014843940734863281
17,w2,0,5,0,1.0002648830413818
17,w2,0,6,0,0.001471877098083496
17,w2,0,7,0,1.0002636909484863
17,w2,1,2,0,1.000217080116272
17,w2,1,3,0,0.0011237263679504395
17,w2,1,4,0,1.0002235174179077
17,w2,1,5,0,0.00109100341796875
17,w2,1,6,0,1.0002199411392212
17,w2,1,7,0,0.0011649131774902344
17,w2,2,3,1,1.0002632141113281
17,w2,2,4,0,0.0014325380325317383
17,w2,2,5,0,1.000228762626648
17,w2,2,6,0,0.0014088153839111328
17,w2,2,7,0,1.000227451324463
17,w2,3,4,0,1.0002686977386475
17,w2,3,5,0,0.00109940767288208
17,w2,3,6,0,1.0002632141113281
17,w2,3,7,0,0.0011910200119018555
17,w2,4,5,1,1.0002350807189941
17,w2,4,6,0,0.0015218257904052734
17,w2,4,7,0,1.0002330541610718
17,w2,5,6,0,1.0002318620681763
17,w2,5,7,0,0.0010622143745422363
17,w2,6,7,1,1.0002297163009644
17,w3,0,1,1,0.9997576475143433
17,w3,0,2,0,0.00559002161026001
17,w3,0,3,0,0.9997928738594055
17,w3,0,4,0,0.006206631660461426
17,w3,0,5,0,0.9997678995132446
17,w3,0,6,0,0.00615847110748291
17,w3,0,7,0,0.9997254610061646
17,w3,1,2,0,0.9998037219047546
17,w3,1,3,0,0.004887521266937256
17,w3,1,4,0,0.9997084140777588
17,w3,1,5,0,0.004797518253326416
17,w3,1,6,0,0.9997677803039551
17,w3,1,7,0,0.00502932071685791
17,w3,2,3,1,0.9998281002044678
17,w3,2,4,0,0.006015300750732422
17,w3,2,5,0,0.9998138546943665
17,w3,2,6,0,0.005972743034362793
17,w3,2,7,0,0.9997689127922058
17,w3,3,4,0,0.9997396469116211
17,w3,3,5,0,0.004819512367248535
17,w3,3,6,0,0.999796986579895
17,w3,3,7,0,0.005131244659423828
17,w3,4,5,1,0.9997137784957886
17,w3,4,6,0,0.0063820481300354
17,w3,4,7,0,0.999660074710846
17,w3,5,6,0,0.9997710585594177
17,w3,5,7,0,0.004711151123046875
17,w3,6,7,1,0.9997246265411377
18,w1,0,1,1,0.991337776184082
18,w1,0,2,0,0.005099356174468994
18,w1,0,3,0,0.9909405708312988
18,w1,0,4,0,0.005417466163635254
18,w1,0,5,0,0.9908177256584167
18,w1,0,6,0,0.00405043363571167
18,w1,0,7,0,0.9909054040908813
18,w1,1,2,0,0.9913301467895508
18,w1,1,3,0,0.005228817462921143
18,w1,1,4,0,0.9912726283073425
18,w1,1,5,0,0.005330801010131836
18,w1,1,6,0,0.991481602191925
18,w1,1,7,0,0.005347728729248047
18,w1,2,3,1,0.9909313321113586
18,w1,2,4,0,0.005527138710021973
18,w1,2,5,0,0.9907984733581543
18,w1,2,6,0,0.004090785980224609
18,w1,2,7,0,0.9908947944641113
18,w1,3,4,0,0.9908646941184998
18,w1,3,5,0,0.004707038402557373
18,w1,3,6,0,0.9910980463027954
18,w1,3,7,0,0.004713535308837891
18,w1,4,5,1,0.9907383322715759
18,w1,4,6,0,0.003685474395751953
18,w1,4,7,0,0.9908381700515747
18,w1,5,6,0,0.9909727573394775
18,w1,5,7,0,0.00456315279006958
18,w1,6,7,1,0.9910586476325989
18,w2,0,1,1,0.9998728036880493
18,w2,0,2,0,0.0012809038162231445
18,w2,0,3,0,0.9999068975448608
18,w2,0,4,0,0.001369476318359375
18,w2,0,5,0,0.9998762011528015
18,w2,0,6,0,0.0009554624557495117
18,w2,0,7,0,0.9998916983604431
18,w2,1,2,0,0.9998330473899841
18,w2,1,3,0,0.0012680292129516602
18,w2,1,4,0,0.9998635649681091
18,w2,1,5,0,0.0012957453727722168
18,w2,1,6,0,0.9998494386672974
18,w2,1,7,0,0.001306295394897461
18,w2,2,3,1,0.9998701810836792
18,w2,2,4,0,0.0014067888259887695
18,w2,2,5,0,0.9998385906219482
18,w2,2,6,0,0.0009696483612060547
18,w2,2,7,0,0.9998540878295898
18,w2,3,4,0,0.9999005198478699
18,w2,3,5,0,0.0011316537857055664
18,w2,3,6,0,0.9998838305473328
18,w2,3,7,0,0.001135706901550293
18,w2,4,5,1,0.9998696446418762
18,w2,4,6,0,0.0008806586265563965
18,w2,4,7,0,0.9998825788497925
18,w2,5,6,0,0.9998529553413391
18,w2,5,7,0,0.001101374626159668
18,w2,6,7,1,0.9998691082000732
18,w3,0,1,1,0.999908983707428
18,w3,0,2,0,0.005472660064697266
18,w3,0,3,0,0.9999002814292908
18,w3,0,4,0,0.005824089050292969
18,w3,0,5,0,0.9998643398284912
18,w3,0,6,0,0.00436091423034668
18,w3,0,7,0,0.9998665452003479
18,w3,1,2,0,0.9999818801879883
18,w3,1,3,0,0.005442619323730469
18,w3,1,4,0,0.9999081492424011
18,w3,1,5,0,0.005553126335144043
18,w3,1,6,0,0.9998542666435242
18,w3,1,7,0,0.005571961402893066
18,w3,2,3,1,0.9999669790267944
18,w3,2,4,0,0.005943179130554199
18,w3,2,5,0,0.9999392628669739
18,w3,2,6,0,0.00440746545791626
18,w3,2,7,0,0.9999500513076782
18,w3,3,4,0,0.9998973608016968
18,w3,3,5,0,0.004904747009277344
18,w3,3,6,0,0.9998424053192139
18,w3,3,7,0,0.004920482635498047
18,w3,4,5,1,0.9998758435249329
18,w3,4,6,0,0.004044294357299805
18,w3,4,7,0,0.999876081943512
18,w3,5,6,0,0.9998129606246948
18,w3,5,7,0,0.004782378673553467
18,w3,6,7,1,0.9998146295547485
19,w1,0,1,1,0.9899610280990601
19,w1,0,2,0,0.004495024681091309
19,w1,0,3,0,0.9899170398712158
19,w1,0,4,0,0.0051555633544921875
19,w1,0,5,0,0.990075945854187
19,w1,0,6,0,0.005094587802886963
19,w1,0,7,0,0.9898661375045776
19,w1,1,2,0,0.9900436997413635
19,w1,1,3,0,0.005202114582061768
19,w1,1,4,0,0.9903399348258972
19,w1,1,5,0,0.004340410232543945
19,w1,1,6,0,0.9899351000785828
19,w1,1,7,0,0.005350708961486816
19,w1,2,3,1,0.9899976849555969
19,w1,2,4,0,0.005043387413024902
19,w1,2,5,0,0.990141749382019
19,w1,2,6,0,0.004112660884857178
19,w1,2,7,0,0.9899364709854126
19,w1,3,4,0,0.9902980327606201
19,w1,3,5,0,0.004321098327636719
19,w1,3,6,0,0.9898980259895325
19,w1,3,7,0,0.0052713751792907715
19,w1,4,5,1,0.9904327392578125
19,w1,4,6,0,0.005286455154418945
19,w1,4,7,0,0.9902340173721313
19,w1,5,6,0,0.9900417923927307
19,w1,5,7,0,0.0038193464279174805
19,w1,6,7,1,0.9898360371589661
19,w2,0,1,1,0.99960857629776
19,w2,0,2,0,0.0010867118835449219
19,w2,0,3,0,0.9995863437652588
19,w2,0,4,0,0.0012641549110412598
19,w2,0,5,0,0.9995824694633484
19,w2,0,6,0,0.0012552142143249512
19,w2,0,7,0,0.9996029734611511
19,w2,1,2,0,0.9995920658111572
19,w2,1,3,0,0.0013166069984436035
19,w2,1,4,0,0.9995955228805542
19,w2,1,5,0,0.0010364055633544922
19,w2,1,6,0,0.9996145367622375
19,w2,1,7,0,0.0013440847396850586
19,w2,2,3,1,0.9995700120925903
19,w2,2,4,0,0.0012208223342895508
19,w2,2,5,0,0.9995666742324829
19,w2,2,6,0,0.000978708267211914
19,w2,2,7,0,0.999586284160614
19,w2,3,4,0,0.9995765686035156
19,w2,3,5,0,0.0010358095169067383
19,w2,3,6,0,0.9995921850204468
19,w2,3,7,0,0.0013203620910644531
19,w2,4,5,1,0.9995684623718262
19,w2,4,6,0,0.001289665699005127
19,w2,4,7,0,0.9995899200439453
19,w2,5,6,0,0.9995874166488647
19,w2,5,7,0,0.0009070634841918945
19,w2,6,7,1,0.9996082782745361
19,w3,0,1,1,1.0007251501083374
19,w3,0,2,0,0.004742622375488281
19,w3,0,3,0,1.000726342201233
19,w3,0,4,0,0.005469560623168945
19,w3,0,5,0,1.000674843788147
19,w3,0,6,0,0.005386471748352051
19,w3,0,7,0,1.0006695985794067
19,w3,1,2,0,1.0007561445236206
19,w3,1,3,0,0.005574703216552734
19,w3,1,4,0,1.0007745027542114
19,w3,1,5,0,0.004651248455047607
19,w3,1,6,0,1.0007292032241821
19,w3,1,7,0,0.0057378411293029785
19,w3,2,3,1,1.0007673501968384
19,w3,2,4,0,0.00530552864074707
19,w3,2,5,0,1.0006920099258423
19,w3,2,6,0,0.00433957576751709
19,w3,2,7,0,1.0006978511810303
19,w3,3,4,0,1.00078547000885
19,w3,3,5,0,0.004629015922546387
19,w3,3,6,0,1.0007308721542358
19,w3,3,7,0,0.005670666694641113
19,w3,4,5,1,1.0007177591323853
19,w3,4,6,0,0.005560398101806641
19,w3,4,7,0,1.000702142715454
19,w3,5,6,0,1.0006777048110962
19,w3,5,7,0,0.00413823127746582
19,w3,6,7,1,1.0006660223007202
20,w1,0,1,1,0.9925037026405334
20,w1,0,2,0,0.005316495895385742
20,w1,0,3,0,0.9924905896186829
20,w1,0,4,0,0.005457937717437744
20,w1,0,5,0,0.9922490119934082
20,w1,0,6,0,0.005575895309448242
20,w1,0,7,0,0.9923222064971924
20,w1,1,2,0,0.9924834966659546
20,w1,1,3,0,0.004505753517150879
20,w1,1,4,0,0.9922979474067688
20,w1,1,5,0,0.005418896675109863
20,w1,1,6,0,0.9924615621566772
20,w1,1,7,0,0.005307197570800781
20,w1,2,3,1,0.9924701452255249
20,w1,2,4,0,0.004121303558349609
20,w1,2,5,0,0.9922110438346863
20,w1,2,6,0,0.004961252212524414
20,w1,2,7,0,0.9922989010810852
20,w1,3,4,0,0.9922776222229004
20,w1,3,5,0,0.004574894905090332
20,w1,3,6,0,0.9924377799034119
20,w1,3,7,0,0.004610657691955566
20,w1,4,5,1,0.9920206665992737
20,w1,4,6,0,0.005303859710693359
20,w1,4,7,0,0.9921144843101501
20,w1,5,6,0,0.9921743869781494
20,w1,5,7,0,0.005847334861755371
20,w1,6,7,1,0.9922783970832825
20,w2,0,1,1,0.999761700630188
20,w2,0,2,0,0.001309037208557129
20,w2,0,3,0,0.9997588992118835
20,w2,0,4,0,0.0013396143913269043
20,w2,0,5,0,0.9997457265853882
20,w2,0,6,0,0.0013752579689025879
20,w2,0,7,0,0.9997493624687195
20,w2,1,2,0,0.9996952414512634
20,w2,1,3,0,0.0010505914688110352
20,w2,1,4,0,0.9997522234916687
20,w2,1,5,0,0.0013414621353149414
20,w2,1,6,0,0.9997393488883972
20,w2,1,7,0,0.001315474510192871
20,w2,2,3,1,0.9996914267539978
20,w2,2,4,0,0.0009824633598327637
20,w2,2,5,0,0.9996775388717651
20,w2,2,6,0,0.0012135505676269531
20,w2,2,7,0,0.999682605266571
20,w2,3,4,0,0.9997485876083374
20,w2,3,5,0,0.0010787248611450195
20,w2,3,6,0,0.9997355341911316
20,w2,3,7,0,0.00108414888381958
20,w2,4,5,1,0.9997336864471436
20,w2,4,6,0,0.0013060569763183594
20,w2,4,7,0,0.9997383952140808
20,w2,5,6,0,0.9997220635414124
20,w2,5,7,0,0.0014661550521850586
20,w2,6,7,1,0.9997246265411377
20,w3,0,1,1,1.0009487867355347
20,w3,0,2,0,0.005612969398498535
20,w3,0,3,0,1.0009253025054932
20,w3,0,4,0,0.0057471394538879395
20,w3,0,5,0,1.0008798837661743
20,w3,0,6,0,0.005889177322387695
20,w3,0,7,0,1.0009347200393677
20,w3,1,2,0,1.0009926557540894
20,w3,1,3,0,0.004741072654724121
20,w3,1,4,0,1.000862956047058
20,w3,1,5,0,0.005713939666748047
20,w3,1,6,0,1.0010004043579102
20,w3,1,7,0,0.005613446235656738
20,w3,2,3,1,1.000963807106018
20,w3,2,4,0,0.004349946975708008
20,w3,2,5,0,1.0009139776229858
20,w3,2,6,0,0.005243241786956787
20,w3,2,7,0,1.000968337059021
20,w3,3,4,0,1.0008286237716675
20,w3,3,5,0,0.004853963851928711
20,w3,3,6,0,1.000981330871582
20,w3,3,7,0,0.004876673221588135
20,w3,4,5,1,1.0007845163345337
20,w3,4,6,0,0.005597472190856934
20,w3,4,7,0,1.000832438468933
20,w3,5,6,0,1.000927209854126
20,w3,5,7,0,0.006196558475494385
20,w3,6,7,1,1.000986099243164
21,w1,0,1,1,0.9926831126213074
21,w1,0,2,0,0.004929304122924805
21,w1,0,3,0,0.9926255941390991
21,w1,0,4,0,0.004868030548095703
21,w1,0,5,0,0.9930524230003357
21,w1,0,6,0,0.0050508975982666016
21,w1,0,7,0,0.9927634596824646
21,w1,1,2,0,0.9926235675811768
21,w1,1,3,0,0.004983723163604736
21,w1,1,4,0,0.9926188588142395
21,w1,1,5,0,0.0050106048583984375
21,w1,1,6,0,0.9926391243934631
21,w1,1,7,0,0.004947662353515625
21,w1,2,3,1,0.9925472140312195
21,w1,2,4,0,0.004932045936584473
21,w1,2,5,0,0.9929932951927185
21,w1,2,6,0,0.0052703022956848145
21,w1,2,7,0,0.9927036166191101
21,w1,3,4,0,0.9925500750541687
21,w1,3,5,0,0.005006730556488037
21,w1,3,6,0,0.9925716519355774
21,w1,3,7,0,0.0048857927322387695
21,w1,4,5,1,0.9930008053779602
21,w1,4,6,0,0.005279541015625
21,w1,4,7,0,0.9927001595497131
21,w1,5,6,0,0.9930139183998108
21,w1,5,7,0,0.00503385066986084
21,w1,6,7,1,0.9927178621292114
21,w2,0,1,1,0.9986944794654846
21,w2,0,2,0,0.0011997222900390625
21,w2,0,3,0,0.9986687898635864
21,w2,0,4,0,0.0011813640594482422
21,w2,0,5,0,0.9986374974250793
21,w2,0,6,0,0.0012283921241760254
21,w2,0,7,0,0.9986514449119568
21,w2,1,2,0,0.9986891150474548
21,w2,1,3,0,0.0012278556823730469
21,w2,1,4,0,0.998691976070404
21,w2,1,5,0,0.001201033592224121
21,w2,1,6,0,0.9986788034439087
21,w2,1,7,0,0.0012186169624328613
21,w2,2,3,1,0.9986631870269775
21,w2,2,4,0,0.0012209415435791016
21,w2,2,5,0,0.9986329674720764
21,w2,2,6,0,0.0013071298599243164
21,w2,2,7,0,0.9986459612846375
21,w2,3,4,0,0.9986660480499268
21,w2,3,5,0,0.0011959671974182129
21,w2,3,6,0,0.9986528754234314
21,w2,3,7,0,0.0012018084526062012
21,w2,4,5,1,0.9986342787742615
21,w2,4,6,0,0.001309514045715332
21,w2,4,7,0,0.9986478090286255
21,w2,5,6,0,0.9986225366592407
21,w2,5,7,0,0.0012090206146240234
21,w2,6,7,1,0.9986373782157898
21,w3,0,1,1,0.9994046092033386
21,w3,0,2,0,0.0052127838134765625
21,w3,0,3,0,0.999369740486145
21,w3,0,4,0,0.005152702331542969
21,w3,0,5,0,0.9993774890899658
21,w3,0,6,0,0.005337834358215332
21,w3,0,7,0,0.9993619918823242
21,w3,1,2,0,0.9994422793388367
21,w3,1,3,0,0.005293607711791992
21,w3,1,4,0,0.9994577169418335
21,w3,1,5,0,0.005268216133117676
21,w3,1,6,0,0.9994469881057739
21,w3,1,7,0,0.005234658718109131
21,w3,2,3,1,0.999400794506073
21,w3,2,4,0,0.00521928071975708
21,w3,2,5,0,0.9994102716445923
21,w3,2,6,0,0.005569577217102051
21,w3,2,7,0,0.999393105506897
21,w3,3,4,0,0.9994292259216309
21,w3,3,5,0,0.005278348922729492
21,w3,3,6,0,0.9994111061096191
21,w3,3,7,0,0.005172848701477051
21,w3,4,5,1,0.9994333982467651
21,w3,4,6,0,0.005577147006988525
21,w3,4,7,0,0.9994200468063354
21,w3,5,6,0,0.9994112849235535
21,w3,5,7,0,0.005279242992401123
21,w3,6,7,1,0.9994003176689148
22,w1,0,1,1,0.9931615591049194
22,w1,0,2,0,0.004156947135925293
22,w1,0,3,0,0.9934737086296082
22,w1,0,4,0,0.005387604236602783
22,w1,0,5,0,0.9933275580406189
22,w1,0,6,0,0.005704760551452637
22,w1,0,7,0,0.9934480786323547
22,w1,1,2,0,0.993337094783783
22,w1,1,3,0,0.005269169807434082
22,w1,1,4,0,0.9932345747947693
22,w1,1,5,0,0.0032599568367004395
22,w1,1,6,0,0.9930939674377441
22,w1,1,7,0,0.00503230094909668
22,w1,2,3,1,0.9936418533325195
22,w1,2,4,0,0.004127383232116699
22,w1,2,5,0,0.9934943914413452
22,w1,2,6,0,0.004124045372009277
22,w1,2,7,0,0.9936022162437439
22,w1,3,4,0,0.9935505986213684
22,w1,3,5,0,0.004826843738555908
22,w1,3,6,0,0.9934064745903015
22,w1,3,7,0,0.004758715629577637
22,w1,4,5,1,0.9934030771255493
22,w1,4,6,0,0.005624532699584961
22,w1,4,7,0,0.9935110211372375
22,w1,5,6,0,0.9932550191879272
22,w1,5,7,0,0.00465238094329834
22,w1,6,7,1,0.9933735728263855
22,w2,0,1,1,1.0000650882720947
22,w2,0,2,0,0.0009452104568481445
22,w2,0,3,0,1.0000826120376587
22,w2,0,4,0,0.0013293027877807617
22,w2,0,5,0,1.0000778436660767
22,w2,0,6,0,0.001410365104675293
22,w2,0,7,0,1.0000622272491455
22,w2,1,2,0,1.000075340270996
22,w2,1,3,0,0.0012674331665039062
22,w2,1,4,0,1.0000723600387573
22,w2,1,5,0,0.0007387399673461914
22,w2,1,6,0,1.0000746250152588
22,w2,1,7,0,0.0012091398239135742
22,w2,2,3,1,1.000095248222351
22,w2,2,4,0,0.0009390115737915039
22,w2,2,5,0,1.0000883340835571
22,w2,2,6,0,0.0009417533874511719
22,w2,2,7,0,1.0000730752944946
22,w2,3,4,0,1.0000908374786377
22,w2,3,5,0,0.0011565089225769043
22,w2,3,6,0,1.000093936920166
22,w2,3,7,0,0.0011587142944335938
22,w2,4,5,1,1.0000842809677124
22,w2,4,6,0,0.0013948678970336914
22,w2,4,7,0,1.0000699758529663
22,w2,5,6,0,1.0000863075256348
22,w2,5,7,0,0.0011127591133117676
22,w2,6,7,1,1.0000718832015991
22,w3,0,1,1,1.0002788305282593
22,w3,0,2,0,0.004401803016662598
22,w3,0,3,0,1.0002620220184326
22,w3,0,4,0,0.005703568458557129
22,w3,0,5,0,1.000327706336975
22,w3,0,6,0,0.006022512912750244
22,w3,0,7,0,1.0002890825271606
22,w3,1,2,0,1.0003727674484253
22,w3,1,3,0,0.0055144429206848145
22,w3,1,4,0,1.0003210306167603
22,w3,1,5,0,0.0034210681915283203
22,w3,1,6,0,1.0002926588058472
22,w3,1,7,0,0.005285382270812988
22,w3,2,3,1,1.0003489255905151
22,w3,2,4,0,0.004363954067230225
22,w3,2,5,0,1.000415563583374
22,w3,2,6,0,0.004356265068054199
22,w3,2,7,0,1.0003666877746582
22,w3,3,4,0,1.000309705734253
22,w3,3,5,0,0.005056023597717285
22,w3,3,6,0,1.0002692937850952
22,w3,3,7,0,0.005055844783782959
22,w3,4,5,1,1.000369906425476
22,w3,4,6,0,0.005930960178375244
22,w3,4,7,0,1.000324010848999
22,w3,5,6,0,1.0003490447998047
22,w3,5,7,0,0.004898428916931152
22,w3,6,7,1,1.0002973079681396
23,w1,0,1,1,0.9906321167945862
23,w1,0,2,0,0.0038515329360961914
23,w1,0,3,0,0.990696370601654
23,w1,0,4,0,0.004910886287689209
23,w1,0,5,0,0.9908428192138672
23,w1,0,6,0,0.0037064552307128906
23,w1,0,7,0,0.9910043478012085
23,w1,1,2,0,0.9906194806098938
23,w1,1,3,0,0.00211411714553833
23,w1,1,4,0,0.9904837012290955
23,w1,1,5,0,0.0047196149826049805
23,w1,1,6,0,0.9906418323516846
23,w1,1,7,0,0.004716038703918457
23,w1,2,3,1,0.9906819462776184
23,w1,2,4,0,0.004862666130065918
23,w1,2,5,0,0.9908267259597778
23,w1,2,6,0,0.003561258316040039
23,w1,2,7,0,0.9909898042678833
23,w1,3,4,0,0.9905443787574768
23,w1,3,5,0,0.004565894603729248
23,w1,3,6,0,0.9907079339027405
23,w1,3,7,0,0.004657328128814697
23,w1,4,5,1,0.9906995296478271
23,w1,4,6,0,0.0047203898429870605
23,w1,4,7,0,0.9908640384674072
23,w1,5,6,0,0.9908603429794312
23,w1,5,7,0,0.0038982629776000977
23,w1,6,7,1,0.9910197257995605
23,w2,0,1,1,0.9991222023963928
23,w2,0,2,0,0.0009223222732543945
23,w2,0,3,0,0.9991191029548645
23,w2,0,4,0,0.0011768341064453125
23,w2,0,5,0,0.9991546869277954
23,w2,0,6,0,0.0008757114410400391
23,w2,0,7,0,0.9990957379341125
23,w2,1,2,0,0.9991125464439392
23,w2,1,3,0,0.0004347562789916992
23,w2,1,4,0,0.9990609884262085
23,w2,1,5,0,0.0011099576950073242
23,w2,1,6,0,0.9991249442100525
23,w2,1,7,0,0.0010770559310913086
23,w2,2,3,1,0.9991092085838318
23,w2,2,4,0,0.0011659860610961914
23,w2,2,5,0,0.9991437792778015
23,w2,2,6,0,0.0008405447006225586
23,w2,2,7,0,0.9990845322608948
23,w2,3,4,0,0.9990601539611816
23,w2,3,5,0,0.0010654926300048828
23,w2,3,6,0,0.9991239309310913
23,w2,3,7,0,0.0010673999786376953
23,w2,4,5,1,0.9990962147712708
23,w2,4,6,0,0.0011167526245117188
23,w2,4,7,0,0.9990360140800476
23,w2,5,6,0,0.9991578459739685
23,w2,5,7,0,0.0009189248085021973
23,w2,6,7,1,0.9990975856781006
23,w3,0,1,1,0.9991145133972168
23,w3,0,2,0,0.004062235355377197
23,w3,0,3,0,0.9990974068641663
23,w3,0,4,0,0.005144357681274414
23,w3,0,5,0,0.9991143941879272
23,w3,0,6,0,0.00391775369644165
23,w3,0,7,0,0.9991246461868286
23,w3,1,2,0,0.999121904373169
23,w3,1,3,0,0.0022135376930236816
23,w3,1,4,0,0.9991310834884644
23,w3,1,5,0,0.00491487979888916
23,w3,1,6,0,0.9991804361343384
23,w3,1,7,0,0.004862666130065918
23,w3,2,3,1,0.999110221862793
23,w3,2,4,0,0.005057215690612793
23,w3,2,5,0,0.9991264343261719
23,w3,2,6,0,0.0037456154823303223
23,w3,2,7,0,0.999142050743103
23,w3,3,4,0,0.9991078972816467
23,w3,3,5,0,0.004749476909637451
23,w3,3,6,0,0.9991638660430908
23,w3,3,7,0,0.004808902740478516
23,w3,4,5,1,0.9991389513015747
23,w3,4,6,0,0.004920542240142822
23,w3,4,7,0,0.999146580696106
23,w3,5,6,0,0.9991732835769653
23,w3,5,7,0,0.004119753837585449
23,w3,6,7,1,0.9991850256919861
24,w1,0,1,1,0.9892457127571106
24,w1,0,2,0,0.004069924354553223
24,w1,0,3,0,0.9891923069953918
24,w1,0,4,0,0.0039435625076293945
24,w1,0,5,0,0.9890432357788086
24,w1,0,6,0,0.004027247428894043
24,w1,0,7,0,0.9892521500587463
24,w1,1,2,0,0.9890458583831787
24,w1,1,3,0,0.0022275447845458984
24,w1,1,4,0,0.9890578389167786
24,w1,1,5,0,0.004009604454040527
24,w1,1,6,0,0.9891006946563721
24,w1,1,7,0,0.0014529228210449219
24,w1,2,3,1,0.9889932870864868
24,w1,2,4,0,0.005492091178894043
24,w1,2,5,0,0.988817572593689
24,w1,2,6,0,0.002537846565246582
24,w1,2,7,0,0.9890574216842651
24,w1,3,4,0,0.9890056252479553
24,w1,3,5,0,0.004441320896148682
24,w1,3,6,0,0.9890475869178772
24,w1,3,7,0,0.0019962191581726074
24,w1,4,5,1,0.9888414144515991
24,w1,4,6,0,0.0025916695594787598
24,w1,4,7,0,0.989067792892456
24,w1,5,6,0,0.988883376121521
24,w1,5,7,0,0.0038008689880371094
24,w1,6,7,1,0.9891124963760376
24,w2,0,1,1,1.000073790550232
24,w2,0,2,0,0.0008711814880371094
24,w2,0,3,0,1.000068187713623
24,w2,0,4,0,0.0008527040481567383
24,w2,0,5,0,1.0000700950622559
24,w2,0,6,0,0.0008429884910583496
24,w2,0,7,0,1.0000699758529663
24,w2,1,2,0,1.0000739097595215
24,w2,1,3,0,0.0004410743713378906
24,w2,1,4,0,1.0000666379928589
24,w2,1,5,0,0.0008665323257446289
24,w2,1,6,0,1.000067114830017
24,w2,1,7,0,0.00024008750915527344
24,w2,2,3,1,1.0000702142715454
24,w2,2,4,0,0.001299142837524414
24,w2,2,5,0,1.0000689029693604
24,w2,2,6,0,0.0005272030830383301
24,w2,2,7,0,1.0000702142715454
24,w2,3,4,0,1.0000616312026978
24,w2,3,5,0,0.0009930133819580078
24,w2,3,6,0,1.0000642538070679
24,w2,3,7,0,0.00038301944732666016
24,w2,4,5,1,1.0000648498535156
24,w2,4,6,0,0.0005395412445068359
24,w2,4,7,0,1.0000628232955933
24,w2,5,6,0,1.0000652074813843
24,w2,5,7,0,0.000807344913482666
24,w2,6,7,1,1.0000627040863037
24,w3,0,1,1,0.9994764924049377
24,w3,0,2,0,0.004088461399078369
24,w3,0,3,0,0.9994736909866333
24,w3,0,4,0,0.003989458084106445
24,w3,0,5,0,0.9995185732841492
24,w3,0,6,0,0.004009723663330078
24,w3,0,7,0,0.9994771480560303
24,w3,1,2,0,0.9995135068893433
24,w3,1,3,0,0.0023360252380371094
24,w3,1,4,0,0.999487042427063
24,w3,1,5,0,0.004110932350158691
24,w3,1,6,0,0.9995077252388
24,w3,1,7,0,0.0015267133712768555
24,w3,2,3,1,0.9995108246803284
24,w3,2,4,0,0.005655765533447266
24,w3,2,5,0,0.9995653033256531
24,w3,2,6,0,0.0025991201400756836
24,w3,2,7,0,0.9995143413543701
24,w3,3,4,0,0.9994823932647705
24,w3,3,5,0,0.004600644111633301
24,w3,3,6,0,0.9995065331459045
24,w3,3,7,0,0.002104818820953369
24,w3,4,5,1,0.9995331764221191
24,w3,4,6,0,0.0026502609252929688
24,w3,4,7,0,0.9994874596595764
24,w3,5,6,0,0.9995653033256531
24,w3,5,7,0,0.003896176815032959
24,w3,6,7,1,0.9995124340057373
